columna,descripcion
fecha_mes,Mes de corte t (la prediccion se hace al cierre de este mes)
id_tienda,"Tienda (identificador, no se usa como feature)"
id_producto,"SKU (identificador, no se usa como feature)"
unidades_vendidas,Unidades netas de devoluciones vendidas en t
u3_suma,Unidades netas de los ultimos 3 meses
u6_suma,Unidades netas de los ultimos 6 meses
u12_prom,Promedio mensual de unidades netas de los ultimos 12 meses (ritmo de venta)
cv_u12,Coeficiente de variacion de las unidades de 12 meses (demanda intermitente)
tendencia_u3_vs_u12,"Ritmo de 3 meses sobre ritmo de 12 meses (>1 acelera, <1 frena)"
meses_con_venta_12,Meses con venta > 0 en los ultimos 12
meses_sin_venta,Meses consecutivos sin venta hasta t
sin_venta_12m,1 si no hubo venta neta en 12 meses (cobertura infinita)
precio_medio_12m,Venta neta / unidades de 12 meses
stock_disponible,Stock disponible en t (piso en 0)
stock_en_transito,"Stock en transito en t (definicion no documentada, H6)"
var_stock_3m,Variacion del stock disponible respecto de t-3
cobertura,Meses de stock en t: stock / u12_prom
capital_inmovilizado_pos,Stock x costo unitario (con costo ajustado en los 22 SKUs)
stock_sku_cadena,Stock del SKU sumado en las 28 tiendas en t
cobertura_sku_cadena,Cobertura del SKU a nivel cadena en t
tiendas_con_stock_sku,Tiendas con stock del SKU en t
tiendas_cob12_sku,Tiendas donde el SKU ya supera 12 meses de cobertura en t
stock_deposito_sku,Stock del SKU en el deposito central en t
uds_oc_recibidas_3m,Unidades del SKU recibidas por OC en los ultimos 3 meses
uds_oc_pendientes,Unidades del SKU pedidas y no recibidas al cierre de t
uds_transf_recibidas_3m,Unidades transferidas hacia la posicion en los ultimos 3 meses
uds_transf_enviadas_3m,Unidades transferidas desde la posicion en los ultimos 3 meses
liquidacion_activa,1 si la posicion (o el SKU en todas las tiendas) esta en liquidacion en t
liquidaciones_12m,Liquidaciones iniciadas sobre la posicion en los ultimos 12 meses
promos_activas_categoria,Promociones de la categoria vigentes en t (canal fisico o todos)
descuento_promo_max,Descuento maximo de esas promociones
precio_lista,Precio de lista del catalogo
margen_lista,1 - costo / precio de lista
antig_sku_meses,Meses desde el alta del SKU en el catalogo
lead_time_dias,Lead time declarado del proveedor
pedido_minimo_unidades,Pedido minimo del proveedor
m2_venta,Superficie de venta de la tienda
mes_del_anio,Mes calendario de t (1-12)
u_lag1,Unidades netas en t-1
u_lag2,Unidades netas en t-2
u12_max,Maximo mensual de unidades en 12 meses
venta3_suma,Venta neta de los ultimos 3 meses
antig_posicion_meses,Meses con registro de la posicion hasta t
cobertura_3m_antes,Cobertura de la posicion en t-3
var_cobertura_3m,Cambio de cobertura entre t-3 y t
transito_sobre_stock,Stock en transito / stock disponible (H6: usar con cautela)
descuento_implicito_12m,1 - precio medio realizado / precio de lista (12 meses)
peso_posicion_en_tienda,Participacion de la posicion en las unidades de la tienda (12 meses)
stock_vs_prom_sku,Stock de la posicion / stock promedio del SKU en las tiendas que lo tienen
tendencia_sku_cadena,Ritmo de 3 vs 12 meses del SKU en toda la cadena
cobertura_deposito_sku,Stock del SKU en deposito / ritmo mensual del SKU en la cadena
tendencia_tienda,Ritmo de 3 vs 12 meses de toda la tienda
skus_en_tienda,Posiciones con stock en la tienda en t
pct_pos_cob12_tienda,Proporcion de posiciones de la tienda con cobertura > 12 en t
tendencia_categoria_tienda,Ritmo de 3 vs 12 meses de la categoria en la tienda
precio_rel_subcategoria,Precio de lista / mediana de la subcategoria
uds_oc_recibidas_12m,Unidades del SKU recibidas por OC en 12 meses
n_oc_recibidas_12m,OC del SKU recibidas en 12 meses
meses_desde_ultima_oc,Meses desde la ultima OC recibida del SKU
uds_transf_recibidas_12m,Unidades transferidas hacia la posicion en 12 meses
liquidaciones_sku_cadena_12m,Liquidaciones del SKU en toda la cadena en 12 meses
descuento_liquidacion_activa,Descuento de la liquidacion vigente en la posicion (0 si no hay)
promos_categoria_12m,Promociones de la categoria iniciadas en 12 meses
cumplimiento_ppto_3m,Venta / presupuesto de la tienda-categoria en 3 meses (celdas invalidas excluidas)
eventos_en_horizonte,"Meses con evento comercial fijo (Hot Sale, Black Friday, Navidad) entre t+1 y t+3"
categoria,Categoria del SKU (7)
subcategoria,Subcategoria del SKU
region,Region de la tienda (5)
formato,Formato de la tienda (3)
proveedor,Proveedor del SKU (10)
costo_imputado,"1 si el costo es el supuesto de OC x 1,2321 (H11)"
target_cob12_t3,TARGET: 1 si en t+3 la posicion tiene cobertura > 12 meses (sin discontinuados)
split,train / validacion / test / embargo
