id_producto,fecha_vigencia_desde,fecha_vigencia_hasta,precio_lista,costo_unitario
SKU00001,2023-08-01,2024-09-10,6361.36,2885.71
SKU00001,2024-09-11,,17900.0,8120.0
SKU00002,2023-12-16,,42800.0,25470.0
SKU00003,2025-03-25,2026-06-28,24303.51,
SKU00003,2026-06-29,,39000.0,
SKU00004,2023-10-11,2024-06-25,1168.78,640.94
SKU00004,2024-06-26,,3100.0,1700.0
SKU00005,2024-01-20,2025-11-08,34977.68,21691.1
SKU00005,2025-11-09,2026-02-25,67020.84,41562.4
SKU00005,2026-02-26,,84900.0,52650.0
SKU00006,2022-08-24,,66200.0,31230.0
SKU00007,2023-10-16,,80700.0,50150.0
SKU00008,2024-03-14,2024-06-11,7211.77,4156.6
SKU00008,2024-06-12,2024-08-03,7880.49,4542.03
SKU00008,2024-08-04,,16500.0,9510.0
SKU00009,2024-10-08,2025-03-14,2042.69,967.59
SKU00009,2025-03-15,2025-11-10,2368.03,1121.7
SKU00009,2025-11-11,,3800.0,1800.0
SKU00010,2022-05-01,,29800.0,14350.0
SKU00011,2023-01-23,2026-05-23,19880.39,12199.86
SKU00011,2026-05-24,,68800.0,42220.0
SKU00012,2024-10-30,2026-04-29,17362.84,8917.94
SKU00012,2026-04-30,,32300.0,16590.0
SKU00013,2022-02-23,2022-12-01,2463.25,1150.21
SKU00013,2022-12-02,,11800.0,5510.0
SKU00014,2025-06-07,2026-03-02,44057.55,25106.68
SKU00014,2026-03-03,2026-07-14,57485.11,32758.52
SKU00014,2026-07-15,,64700.0,36870.0
SKU00015,2024-04-14,2025-08-20,3106.3,1697.21
SKU00015,2025-08-21,,6900.0,3770.0
SKU00016,2024-02-25,,37300.0,23110.0
SKU00017,2022-07-20,,65200.0,37190.0
SKU00018,2023-11-06,,50600.0,32370.0
SKU00019,2022-03-17,,88800.0,45960.0
SKU00020,2022-08-31,2023-08-11,5757.88,3507.07
SKU00020,2023-08-12,2025-02-25,8209.36,5000.24
SKU00020,2025-02-26,,23100.0,14070.0
SKU00021,2022-02-08,2023-10-25,1586.5,828.74
SKU00021,2023-10-26,,7600.0,3970.0
SKU00022,2023-07-17,2023-10-12,2829.27,1452.59
SKU00022,2023-10-13,,8200.0,4210.0
SKU00023,2024-12-10,,8200.0,4170.0
SKU00024,2024-03-28,,71500.0,45120.0
SKU00025,2023-09-30,2024-04-16,26282.02,14780.89
SKU00025,2024-04-17,,71800.0,40380.0
SKU00026,2024-04-25,,56200.0,29350.0
SKU00027,2023-08-07,2024-06-16,6005.98,3226.88
SKU00027,2024-06-17,2024-12-29,8071.53,4336.66
SKU00027,2024-12-30,,16900.0,9080.0
SKU00028,2025-06-27,2026-07-06,45283.26,
SKU00028,2026-07-07,,66500.0,
SKU00029,2024-12-08,2026-02-28,2167.09,1311.66
SKU00029,2026-03-01,,3800.0,2300.0
SKU00030,2024-06-22,2025-08-07,13564.0,8004.67
SKU00030,2025-08-08,2025-09-01,20516.76,12107.78
SKU00030,2025-09-02,,28400.0,16760.0
SKU00031,2023-02-07,,66700.0,42460.0
SKU00032,2023-01-04,2025-06-12,10749.28,5608.7
SKU00032,2025-06-13,,37200.0,19410.0
SKU00033,2022-03-31,,73000.0,44010.0
SKU00034,2023-05-26,,59400.0,36360.0
SKU00035,2024-12-16,,58500.0,37530.0
SKU00036,2023-05-09,2026-04-30,10212.1,6104.49
SKU00036,2026-05-01,,31400.0,18770.0
SKU00037,2025-05-07,2025-06-06,56591.68,29247.85
SKU00037,2025-06-07,2026-04-25,58289.43,30125.29
SKU00037,2026-04-26,,85600.0,44240.0
SKU00038,2024-12-17,2025-11-28,31821.96,16646.65
SKU00038,2025-11-29,,55800.0,29190.0
SKU00039,2022-01-01,2024-05-10,8633.75,4014.9
SKU00039,2024-05-11,2025-12-19,19753.4,9185.79
SKU00039,2025-12-20,,42600.0,19810.0
SKU00040,2022-09-25,,3700.0,2230.0
SKU00041,2025-03-07,2025-05-19,26048.38,14968.47
SKU00041,2025-05-20,,41800.0,24020.0
SKU00042,2023-08-23,2025-05-04,23846.23,12726.28
SKU00042,2025-05-05,,67100.0,35810.0
SKU00043,2025-06-04,2026-01-16,23424.73,11331.03
SKU00043,2026-01-17,,34400.0,16640.0
SKU00044,2023-05-23,2023-08-14,23383.76,14417.28
SKU00044,2023-08-15,,71900.0,44330.0
SKU00045,2024-03-14,,66600.0,41630.0
SKU00046,2024-09-20,,59000.0,34760.0
SKU00047,2022-12-11,2025-09-03,5330.32,3217.83
SKU00047,2025-09-04,,19000.0,11470.0
SKU00048,2022-04-22,2025-02-03,6953.94,3738.3
SKU00048,2025-02-04,,31400.0,16880.0
SKU00049,2023-03-01,,30100.0,16970.0
SKU00050,2025-05-15,,60000.0,33910.0
SKU00051,2022-05-31,2023-12-16,6843.21,3378.27
SKU00051,2023-12-17,,30000.0,14810.0
SKU00052,2022-11-11,2024-02-05,20809.2,10622.5
SKU00052,2024-02-06,2024-09-10,32420.06,16549.51
SKU00052,2024-09-11,,76400.0,39000.0
SKU00053,2022-05-09,2022-09-10,9261.15,4336.32
SKU00053,2022-09-11,,40600.0,19010.0
SKU00054,2022-03-18,2024-01-17,6127.86,2861.82
SKU00054,2024-01-18,,28500.0,13310.0
SKU00055,2024-10-13,2025-03-24,17309.09,10245.69
SKU00055,2025-03-25,,32200.0,19060.0
SKU00056,2022-08-15,2026-01-19,21859.99,12570.12
SKU00056,2026-01-20,,87700.0,50430.0
SKU00057,2023-07-25,,25700.0,14940.0
SKU00058,2024-07-22,2024-09-29,28138.61,17311.15
SKU00058,2024-09-30,2026-03-29,29852.25,18365.4
SKU00058,2026-03-30,,57200.0,35190.0
SKU00059,2022-06-17,2026-02-08,11512.56,7278.76
SKU00059,2026-02-09,2026-05-26,42267.83,26723.62
SKU00059,2026-05-27,,49000.0,30980.0
SKU00060,2024-04-01,2024-08-27,17377.3,8814.7
SKU00060,2024-08-28,,38600.0,19580.0
SKU00061,2023-06-21,2024-08-29,15978.69,10139.93
SKU00061,2024-08-30,2024-12-04,24169.2,15337.56
SKU00061,2024-12-05,,47700.0,30270.0
SKU00062,2022-09-29,2024-03-21,16867.59,9257.92
SKU00062,2024-03-22,2024-07-14,28715.94,15760.99
SKU00062,2024-07-15,,65700.0,36060.0
SKU00063,2022-12-11,,45800.0,26550.0
SKU00064,2025-05-23,2026-03-08,27370.28,15331.32
SKU00064,2026-03-09,,41400.0,23190.0
SKU00065,2023-01-24,,87500.0,55690.0
SKU00066,2025-02-03,2025-07-03,45981.25,21859.24
SKU00066,2025-07-04,2026-07-06,53304.87,25340.86
SKU00066,2026-07-07,,76000.0,36130.0
SKU00067,2022-09-26,2026-03-13,13093.56,6852.3
SKU00067,2026-03-14,,51000.0,26690.0
SKU00068,2023-05-19,,82200.0,42150.0
SKU00069,2024-12-26,,83900.0,41750.0
SKU00070,2022-05-09,2022-10-28,8896.18,5711.8
SKU00070,2022-10-29,2026-02-25,10313.11,6621.54
SKU00070,2026-02-26,,39000.0,25040.0
SKU00071,2022-09-30,2025-11-27,13966.47,8888.22
SKU00071,2025-11-28,2026-05-27,42943.86,27329.35
SKU00071,2026-05-28,,54400.0,34620.0
SKU00072,2022-11-26,2024-10-31,13455.17,6667.66
SKU00072,2024-11-01,2025-01-13,27351.58,13553.98
SKU00072,2025-01-14,,49400.0,24480.0
SKU00073,2024-09-12,2025-11-24,33766.44,18715.07
SKU00073,2025-11-25,,64700.0,35860.0
SKU00074,2023-02-24,,46500.0,22190.0
SKU00075,2023-01-14,2025-12-25,4276.6,2719.11
SKU00075,2025-12-26,,14800.0,9410.0
SKU00076,2022-04-04,2023-03-22,19067.98,12264.63
SKU00076,2023-03-23,,86100.0,55380.0
SKU00077,2022-04-25,,33500.0,15380.0
SKU00078,2024-01-14,2025-05-23,20887.73,12474.96
SKU00078,2025-05-24,,50700.0,30280.0
SKU00079,2024-02-07,,59000.0,27170.0
SKU00080,2023-08-02,2024-03-30,7996.13,4726.6
SKU00080,2024-03-31,,22500.0,13300.0
SKU00081,2025-05-08,2025-11-04,4495.6,2783.31
SKU00081,2025-11-05,,6800.0,4210.0
SKU00082,2023-09-10,2026-01-17,32578.0,16274.36
SKU00082,2026-01-18,,89000.0,44460.0
SKU00083,2024-01-04,2025-05-16,2801.51,1808.62
SKU00083,2025-05-17,2025-09-18,4495.6,2902.31
SKU00083,2025-09-19,,6800.0,4390.0
SKU00084,2025-01-10,2026-01-01,40823.93,22080.16
SKU00084,2026-01-02,2026-01-25,58205.16,31481.03
SKU00084,2026-01-26,,69500.0,37590.0
SKU00085,2022-08-22,2024-10-08,10992.31,6959.3
SKU00085,2024-10-09,2026-01-22,23705.92,15008.38
SKU00085,2026-01-23,,44100.0,27920.0
SKU00086,2025-03-05,2026-01-09,20751.46,9559.38
SKU00086,2026-01-10,,33300.0,15340.0
SKU00087,2024-11-09,2026-01-25,31005.84,15890.49
SKU00087,2026-01-26,,56000.0,28700.0
SKU00088,2022-11-15,,62000.0,39650.0
SKU00089,2024-08-01,,33700.0,16830.0
SKU00090,2025-04-14,2025-10-01,4300.48,2650.89
SKU00090,2025-10-02,2026-02-01,5134.99,3165.3
SKU00090,2026-02-02,,6700.0,4130.0
SKU00091,2025-04-27,2025-06-11,5712.57,3658.61
SKU00091,2025-06-12,2026-01-30,6060.47,3881.42
SKU00091,2026-01-31,,8900.0,5700.0
SKU00092,2025-01-30,,64100.0,40530.0
SKU00093,2023-06-22,,73700.0,35980.0
SKU00094,2022-05-13,2025-10-06,3991.87,2563.92
SKU00094,2025-10-07,,17500.0,11240.0
SKU00095,2025-05-13,2026-04-04,18246.85,11093.56
SKU00095,2026-04-05,,27600.0,16780.0
SKU00096,2022-11-01,2026-05-06,4630.32,2361.46
SKU00096,2026-05-07,,17000.0,8670.0
SKU00097,2024-06-18,2024-10-12,29277.22,14629.06
SKU00097,2024-10-13,,61300.0,30630.0
SKU00098,2022-11-24,2024-12-06,18575.76,11624.83
SKU00098,2024-12-07,,68200.0,42680.0
SKU00099,2024-11-17,,30200.0,15390.0
SKU00100,2023-01-10,2023-07-25,1271.42,679.05
SKU00100,2023-07-26,2023-07-31,1518.14,810.83
SKU00100,2023-08-01,,4400.0,2350.0
SKU00101,2022-08-12,,7800.0,4410.0
SKU00102,2024-07-08,,62500.0,35230.0
SKU00103,2022-10-19,,55100.0,31400.0
SKU00104,2023-12-15,2024-02-21,32558.95,18111.42
SKU00104,2024-02-22,,81400.0,45280.0
SKU00105,2024-12-23,2025-12-22,44368.25,23090.88
SKU00105,2025-12-23,2026-07-10,63258.52,32922.08
SKU00105,2026-07-11,,77800.0,40490.0
SKU00106,2024-02-23,2025-02-24,6110.59,3021.35
SKU00106,2025-02-25,,14400.0,7120.0
SKU00107,2022-12-24,2026-05-07,20142.98,9990.13
SKU00107,2026-05-08,,71800.0,35610.0
SKU00108,2025-03-16,2026-02-12,43621.69,27506.59
SKU00108,2026-02-13,,70000.0,44140.0
SKU00109,2022-01-22,,49900.0,23880.0
SKU00110,2022-12-10,,56900.0,29920.0
SKU00111,2023-07-23,2024-09-18,28258.16,13980.71
SKU00111,2024-09-19,2025-03-27,42743.0,21147.08
SKU00111,2025-03-28,,81900.0,40520.0
SKU00112,2022-08-13,,22600.0,12350.0
SKU00113,2024-01-01,2025-06-03,18704.2,9117.27
SKU00113,2025-06-04,,45400.0,22130.0
SKU00114,2022-06-17,2022-07-22,8199.77,4785.94
SKU00114,2022-07-23,,34900.0,20370.0
SKU00115,2023-04-08,2025-02-26,13703.7,6330.86
SKU00115,2025-02-27,,43400.0,20050.0
SKU00116,2025-02-10,2025-05-06,23293.13,12420.99
SKU00116,2025-05-07,2026-04-04,25453.04,13572.75
SKU00116,2026-04-05,,38500.0,20530.0
SKU00117,2024-04-18,2026-05-09,18637.83,8477.06
SKU00117,2026-05-10,2026-06-17,39023.47,17749.08
SKU00117,2026-06-18,,41400.0,18830.0
SKU00118,2024-05-31,,26100.0,16710.0
SKU00119,2024-01-16,2024-03-22,32835.34,20953.65
SKU00119,2024-03-23,2026-06-21,34835.02,22229.72
SKU00119,2026-06-22,,79700.0,50860.0
SKU00120,2022-06-29,2023-03-30,16164.58,8676.71
SKU00120,2023-03-31,,68800.0,36930.0
SKU00121,2022-02-14,2024-06-27,17639.4,8999.23
SKU00121,2024-06-28,,84500.0,43110.0
SKU00122,2022-01-23,2026-07-11,10984.72,6234.13
SKU00122,2026-07-12,,54200.0,30760.0
SKU00123,2025-03-07,2026-06-12,25425.21,12712.61
SKU00123,2026-06-13,,40800.0,20400.0
SKU00124,2024-06-13,2024-08-04,14853.53,8592.12
SKU00124,2024-08-05,2025-06-09,15758.11,9115.38
SKU00124,2025-06-10,,31100.0,17990.0
SKU00125,2022-01-28,2023-05-10,5472.1,2841.44
SKU00125,2023-05-11,,27000.0,14020.0
SKU00126,2023-09-08,2023-11-18,12152.69,6259.37
SKU00126,2023-11-19,2024-01-10,12892.79,6640.56
SKU00126,2024-01-11,,33200.0,17100.0
SKU00127,2023-02-11,2024-10-26,22292.34,12464.66
SKU00127,2024-10-27,,74900.0,41880.0
SKU00128,2025-06-29,2026-01-11,2451.42,1464.05
SKU00128,2026-01-12,,3600.0,2150.0
SKU00129,2023-11-28,2025-09-17,17941.17,10869.55
SKU00129,2025-09-18,,46200.0,27990.0
SKU00130,2025-02-22,2026-04-02,27528.25,
SKU00130,2026-04-03,,45500.0,
SKU00131,2024-07-29,,75900.0,36790.0
SKU00132,2024-06-16,2024-10-22,12656.55,6920.5
SKU00132,2024-10-23,2026-03-14,14245.06,7789.09
SKU00132,2026-03-15,,26500.0,14490.0
SKU00133,2024-10-09,,77700.0,36760.0
SKU00134,2025-03-13,2026-03-25,19816.71,11030.05
SKU00134,2026-03-26,2026-07-27,28253.89,15726.22
SKU00134,2026-07-28,,31800.0,17700.0
SKU00135,2023-03-25,2023-10-22,18914.56,8908.54
SKU00135,2023-10-23,2024-10-29,23262.52,10956.38
SKU00135,2024-10-30,,61700.0,29060.0
SKU00136,2024-05-24,2026-01-01,31763.09,17829.06
SKU00136,2026-01-02,2026-06-13,57367.67,32201.27
SKU00136,2026-06-14,,68500.0,38450.0
SKU00137,2025-02-23,2025-04-01,28738.28,
SKU00137,2025-04-02,,47500.0,
SKU00138,2023-06-17,,29700.0,18650.0
SKU00139,2024-10-05,,89500.0,43410.0
SKU00140,2025-01-06,2025-10-30,12100.33,7060.48
SKU00140,2025-10-31,,20600.0,12020.0
SKU00141,2024-01-01,2025-04-26,28550.68,17546.52
SKU00141,2025-04-27,,69300.0,42590.0
SKU00142,2024-03-08,,28600.0,14070.0
SKU00143,2023-05-03,2024-03-09,2731.9,1434.25
SKU00143,2024-03-10,2025-10-21,3671.44,1927.51
SKU00143,2025-10-22,,8400.0,4410.0
SKU00144,2024-01-14,,51500.0,32160.0
SKU00145,2024-02-16,,4900.0,2290.0
SKU00146,2022-04-13,2023-08-31,13177.06,7698.06
SKU00146,2023-09-01,2023-11-01,21779.67,12723.72
SKU00146,2023-11-02,,59500.0,34760.0
SKU00147,2024-03-26,2025-06-22,5638.29,2644.31
SKU00147,2025-06-23,2025-08-25,8784.27,4119.76
SKU00147,2025-08-26,,12900.0,6050.0
SKU00148,2025-01-27,2025-07-01,2643.28,1533.1
SKU00148,2025-07-02,2026-01-24,3156.21,1830.6
SKU00148,2026-01-25,,4500.0,2610.0
SKU00149,2024-07-18,2025-05-01,13085.44,6518.12
SKU00149,2025-05-02,,26600.0,13250.0
SKU00150,2023-05-11,2024-10-19,19676.18,9330.74
SKU00150,2024-10-20,,60500.0,28690.0
SKU00151,2024-07-26,,49200.0,23030.0
SKU00152,2024-01-12,,7800.0,4550.0
SKU00153,2023-07-17,,71700.0,38900.0
SKU00154,2024-12-05,,37400.0,22080.0
SKU00155,2022-04-17,2023-01-12,1926.73,974.44
SKU00155,2023-01-13,2023-03-19,2513.95,1271.42
SKU00155,2023-03-20,,8700.0,4400.0
SKU00156,2024-08-15,2025-05-15,41396.72,26484.78
SKU00156,2025-05-16,2025-09-06,54013.32,34556.63
SKU00156,2025-09-07,,81700.0,52270.0
SKU00157,2022-02-08,2023-02-04,1127.25,507.26
SKU00157,2023-02-05,2024-04-24,1607.19,723.24
SKU00157,2024-04-25,,5400.0,2430.0
SKU00158,2023-09-06,2024-05-09,25476.73,13766.95
SKU00158,2024-05-10,,69600.0,37610.0
SKU00159,2022-10-21,2023-03-14,18272.71,10572.26
SKU00159,2023-03-15,2025-06-24,21183.08,12256.14
SKU00159,2025-06-25,,69100.0,39980.0
SKU00160,2024-06-10,,41400.0,24510.0
SKU00161,2023-09-27,,55200.0,25010.0
SKU00162,2024-02-24,,43000.0,26940.0
SKU00163,2025-03-20,2025-07-08,44057.9,25599.7
SKU00163,2025-07-09,,70700.0,41080.0
SKU00164,2022-11-23,2024-08-15,15443.48,9473.09
SKU00164,2024-08-16,,56700.0,34780.0
SKU00165,2022-01-15,2024-09-25,5593.7,2958.98
SKU00165,2024-09-26,,27600.0,14600.0
SKU00166,2023-01-20,2026-05-03,16615.16,10206.04
SKU00166,2026-05-04,,57500.0,35320.0
SKU00167,2024-05-15,2025-03-11,14049.95,6797.76
SKU00167,2025-03-12,,30300.0,14660.0
SKU00168,2022-09-16,,26000.0,13980.0
SKU00169,2022-08-05,,10700.0,6160.0
SKU00170,2025-03-01,,80900.0,41940.0
SKU00171,2024-04-22,2026-07-23,38806.3,20717.7
SKU00171,2026-07-24,,86200.0,46020.0
SKU00172,2025-02-11,2025-10-10,29706.31,19172.97
SKU00172,2025-10-11,2026-02-17,37631.06,24287.75
SKU00172,2026-02-18,,49100.0,31690.0
SKU00173,2024-04-29,,64500.0,35550.0
SKU00174,2022-09-11,2024-11-14,17560.78,9563.44
SKU00174,2024-11-15,2026-05-20,37871.42,20624.42
SKU00174,2026-05-21,,68400.0,37250.0
SKU00175,2023-07-04,,65500.0,32390.0
SKU00176,2024-10-25,,8800.0,5010.0
SKU00177,2025-03-12,2025-09-26,29974.33,16252.19
SKU00177,2025-09-27,2026-05-14,35790.92,19405.97
SKU00177,2026-05-15,,48100.0,26080.0
SKU00178,2025-01-28,2025-04-08,7224.95,4599.3
SKU00178,2025-04-09,,12300.0,7830.0
SKU00179,2023-05-06,2023-10-19,3837.67,2468.47
SKU00179,2023-10-20,2023-12-17,4448.91,2861.63
SKU00179,2023-12-18,,11800.0,7590.0
SKU00180,2024-01-15,2025-03-02,12359.6,6258.08
SKU00180,2025-03-03,,30000.0,15190.0
SKU00181,2023-02-08,2024-06-25,25209.09,16187.99
SKU00181,2024-06-26,2024-11-28,40453.19,25976.97
SKU00181,2024-11-29,,84700.0,54390.0
SKU00182,2022-06-23,2023-02-21,14966.33,9593.02
SKU00182,2023-02-22,,63700.0,40830.0
SKU00183,2023-09-26,,17400.0,10810.0
SKU00184,2024-12-04,2026-05-28,32164.13,16372.91
SKU00184,2026-05-29,,56400.0,28710.0
SKU00185,2024-12-18,,54500.0,25720.0
SKU00186,2025-04-27,,71700.0,41470.0
SKU00187,2022-08-04,,11400.0,5630.0
SKU00188,2023-07-30,2025-04-06,9557.4,5206.54
SKU00188,2025-04-07,,27700.0,15090.0
SKU00189,2022-12-18,2023-07-02,6256.11,3186.97
SKU00189,2023-07-03,,22300.0,11360.0
SKU00190,2022-10-01,2024-01-11,13354.15,6402.06
SKU00190,2024-01-12,,50500.0,24210.0
SKU00191,2023-06-13,2024-12-14,22879.33,12357.52
SKU00191,2024-12-15,2025-09-22,38950.54,21037.85
SKU00191,2025-09-23,,68300.0,36890.0
SKU00192,2023-09-23,2025-09-17,13836.5,7815.06
SKU00192,2025-09-18,2026-02-09,28126.75,15886.41
SKU00192,2026-02-10,,37800.0,21350.0
SKU00193,2023-02-07,2024-10-25,4732.29,2973.3
SKU00193,2024-10-26,,15900.0,9990.0
SKU00194,2024-12-06,2025-02-14,6900.46,3860.84
SKU00194,2025-02-15,,12100.0,6770.0
SKU00195,2025-06-07,2025-09-05,59174.67,28273.1
SKU00195,2025-09-06,,86900.0,41520.0
SKU00196,2023-08-01,2025-07-13,22566.85,14556.5
SKU00196,2025-07-14,,63500.0,40960.0
SKU00197,2022-04-06,,89600.0,46550.0
SKU00198,2025-01-18,2025-10-17,33540.23,21416.41
SKU00198,2025-10-18,,57100.0,36460.0
SKU00199,2024-06-23,2025-06-02,27223.52,17002.76
SKU00199,2025-06-03,,57000.0,35600.0
SKU00200,2023-12-30,,63400.0,29000.0
SKU00201,2023-01-30,2023-08-24,9362.28,5886.1
SKU00201,2023-08-25,2026-01-24,11514.42,7239.16
SKU00201,2026-01-25,,32400.0,20370.0
SKU00202,2024-10-06,,43300.0,23240.0
SKU00203,2022-01-25,,28800.0,13880.0
SKU00204,2022-06-23,,60900.0,32220.0
SKU00205,2023-08-04,2023-09-30,28288.52,12975.05
SKU00205,2023-10-01,2024-12-01,30011.29,13765.23
SKU00205,2024-12-02,,79600.0,36510.0
SKU00206,2024-11-24,2025-04-26,43685.02,20463.86
SKU00206,2025-04-27,2025-12-24,50642.91,23723.22
SKU00206,2025-12-25,,78900.0,36960.0
SKU00207,2022-10-30,2025-07-30,19700.68,10670.1
SKU00207,2025-07-31,,74500.0,40350.0
SKU00208,2022-06-29,2022-12-30,15765.16,8516.95
SKU00208,2022-12-31,2023-12-21,18824.43,10169.68
SKU00208,2023-12-22,,67100.0,36250.0
SKU00209,2022-03-01,2023-05-29,3440.2,2199.58
SKU00209,2023-05-30,,16000.0,10230.0
SKU00210,2024-03-13,,58500.0,28840.0
SKU00211,2023-07-24,2026-02-14,18804.27,9250.32
SKU00211,2026-02-15,,54500.0,26810.0
SKU00212,2024-03-14,2025-02-08,16346.67,9300.99
SKU00212,2025-02-09,,37400.0,21280.0
SKU00213,2024-04-15,2025-01-16,25075.53,11826.47
SKU00213,2025-01-17,2025-08-10,32717.88,15430.86
SKU00213,2025-08-11,,55700.0,26270.0
SKU00214,2025-05-07,2025-11-22,12495.13,
SKU00214,2025-11-23,,18900.0,
SKU00215,2022-09-12,2022-10-17,12169.31,7563.46
SKU00215,2022-10-18,2022-10-28,12534.39,7790.36
SKU00215,2022-10-29,,47400.0,29460.0
SKU00216,2023-08-30,2025-04-10,18764.24,11489.55
SKU00216,2025-04-11,,52800.0,32330.0
SKU00217,2022-01-14,,34500.0,16820.0
SKU00218,2023-08-26,2024-09-24,9453.2,4300.14
SKU00218,2024-09-25,2026-06-18,13882.34,6314.9
SKU00218,2026-06-19,,26600.0,12100.0
SKU00219,2024-06-30,,34000.0,19620.0
SKU00220,2022-12-14,,76100.0,37820.0
SKU00221,2023-03-18,2025-07-04,19650.29,11799.37
SKU00221,2025-07-05,,64100.0,38490.0
SKU00222,2023-10-27,2024-07-14,23677.25,15216.78
SKU00222,2024-07-15,2026-03-02,30893.44,19854.45
SKU00222,2026-03-03,,62800.0,40360.0
SKU00223,2024-02-24,2024-05-20,22490.36,12115.09
SKU00223,2024-05-21,,53000.0,28550.0
SKU00224,2024-08-22,,49200.0,22190.0
SKU00225,2023-05-18,2023-09-25,845.59,465.07
SKU00225,2023-09-26,2023-10-07,951.72,523.44
SKU00225,2023-10-08,,2600.0,1430.0
SKU00226,2024-10-07,2025-12-04,18867.98,8998.57
SKU00226,2025-12-05,,35100.0,16740.0
SKU00227,2025-03-02,2026-07-18,20689.14,
SKU00227,2026-07-19,,33200.0,
SKU00228,2022-04-22,,48000.0,25410.0
SKU00229,2025-04-05,,69800.0,32150.0
SKU00230,2024-07-10,,80000.0,46870.0
SKU00231,2022-06-15,2023-09-21,9139.57,5378.01
SKU00231,2023-09-22,2024-11-18,14239.15,8378.77
SKU00231,2024-11-19,,38900.0,22890.0
SKU00232,2023-08-02,2023-12-09,30100.97,17488.42
SKU00232,2023-12-10,2024-10-15,33878.91,19683.37
SKU00232,2024-10-16,,84700.0,49210.0
SKU00233,2024-03-09,,60800.0,35900.0
SKU00234,2025-03-07,,82600.0,
SKU00235,2023-04-26,2025-12-11,8399.04,3817.46
SKU00235,2025-12-12,2025-12-23,21628.23,9830.28
SKU00235,2025-12-24,,26600.0,12090.0
SKU00236,2023-12-27,2025-11-04,10559.66,5519.82
SKU00236,2025-11-05,,26400.0,13800.0
SKU00237,2025-01-27,,23800.0,12890.0
SKU00238,2025-04-19,,84500.0,41230.0
SKU00239,2023-08-15,2024-08-07,12651.65,7800.67
SKU00239,2024-08-08,,35600.0,21950.0
SKU00240,2022-09-19,2025-05-15,3465.94,1804.86
SKU00240,2025-05-16,2025-11-09,8925.09,4647.66
SKU00240,2025-11-10,,13500.0,7030.0
SKU00241,2024-07-10,,50500.0,30500.0
SKU00242,2024-03-29,,77800.0,38990.0
SKU00243,2024-07-04,,85800.0,46070.0
SKU00244,2022-09-30,2023-06-14,3465.94,1668.79
SKU00244,2023-06-15,,13500.0,6500.0
SKU00245,2025-06-05,,40500.0,24800.0
SKU00246,2023-11-17,,8100.0,4000.0
SKU00247,2024-10-06,,72600.0,44630.0
SKU00248,2023-02-13,,19600.0,9040.0
SKU00249,2025-03-07,2025-09-28,37140.75,
SKU00249,2025-09-29,,59600.0,
SKU00250,2024-12-27,2025-07-15,3649.83,2024.52
SKU00250,2025-07-16,2026-06-18,4488.83,2489.9
SKU00250,2026-06-19,,6400.0,3550.0
SKU00251,2023-03-21,2025-04-28,4445.07,2535.23
SKU00251,2025-04-29,2025-05-25,9307.0,5308.2
SKU00251,2025-05-26,,14500.0,8270.0
SKU00252,2022-04-16,2022-08-03,2635.41,1255.7
SKU00252,2022-08-04,2023-03-31,2966.18,1413.3
SKU00252,2023-04-01,,11900.0,5670.0
SKU00253,2023-07-17,2026-04-23,17113.61,10940.98
SKU00253,2026-04-24,,49600.0,31710.0
SKU00254,2023-12-04,,4500.0,2110.0
SKU00255,2023-09-14,2024-02-28,7247.69,4443.79
SKU00255,2024-02-29,2025-12-11,8402.06,5151.56
SKU00255,2025-12-12,,19800.0,12140.0
SKU00256,2022-02-06,2024-09-03,4822.13,2431.94
SKU00256,2024-09-04,,23100.0,11650.0
SKU00257,2024-10-29,2024-12-17,21394.46,13293.59
SKU00257,2024-12-18,,39800.0,24730.0
SKU00258,2024-10-17,,26700.0,14530.0
SKU00259,2022-08-09,,43800.0,24090.0
SKU00260,2023-03-04,2026-02-12,12630.14,7716.04
SKU00260,2026-02-13,,41200.0,25170.0
SKU00261,2024-10-02,,19600.0,10800.0
SKU00262,2022-06-29,,13500.0,8430.0
SKU00263,2023-10-22,2024-10-13,14854.83,9648.1
SKU00263,2024-10-14,,39400.0,25590.0
SKU00264,2024-07-12,2026-03-05,29712.8,14585.84
SKU00264,2026-03-06,2026-05-16,53664.62,26343.64
SKU00264,2026-05-17,,60400.0,29650.0
SKU00265,2024-12-07,2025-05-26,47561.85,24197.24
SKU00265,2025-05-27,2026-02-22,55137.23,28051.23
SKU00265,2026-02-23,,83400.0,42430.0
SKU00266,2024-05-29,2025-04-24,26987.03,16275.68
SKU00266,2025-04-25,2025-07-08,37356.37,22529.35
SKU00266,2025-07-09,,58200.0,35100.0
SKU00267,2025-04-21,2025-05-29,7124.67,
SKU00267,2025-05-30,2025-11-29,7338.41,
SKU00267,2025-11-30,,11100.0,
SKU00268,2023-09-21,,39500.0,20610.0
SKU00269,2025-04-26,,29800.0,15020.0
SKU00270,2022-04-20,2022-06-29,7463.31,4823.47
SKU00270,2022-06-30,2023-01-29,7917.82,5117.22
SKU00270,2023-01-30,,33700.0,21780.0
SKU00271,2023-11-04,2024-09-10,16426.66,8896.8
SKU00271,2024-09-11,,42300.0,22910.0
SKU00272,2023-01-06,,24000.0,11710.0
SKU00273,2024-07-19,,24700.0,15490.0
SKU00274,2024-03-26,2024-08-21,34966.14,16927.98
SKU00274,2024-08-22,2025-12-11,40535.34,19624.17
SKU00274,2025-12-12,,80000.0,38730.0
SKU00275,2023-10-30,2025-02-01,13912.27,7876.08
SKU00275,2025-02-02,2026-06-07,22325.11,12638.79
SKU00275,2026-06-08,,36900.0,20890.0
SKU00276,2023-12-16,,50700.0,24860.0
SKU00277,2023-02-02,2026-06-25,2202.45,1342.3
SKU00277,2026-06-26,,7400.0,4510.0
SKU00278,2023-05-02,,13400.0,7100.0
SKU00279,2024-12-14,2025-05-02,39406.76,23136.5
SKU00279,2025-05-03,2026-07-06,45683.24,26821.55
SKU00279,2026-07-07,,69100.0,40570.0
SKU00280,2025-02-23,2026-05-29,22930.12,13981.93
SKU00280,2026-05-30,2026-06-11,35724.38,21783.39
SKU00280,2026-06-12,,37900.0,23110.0
SKU00281,2022-09-23,2026-01-26,22952.25,12531.31
SKU00281,2026-01-27,,89400.0,48810.0
SKU00282,2024-12-21,,79900.0,44280.0
SKU00283,2025-05-20,,36200.0,23450.0
SKU00284,2023-10-31,,69900.0,33350.0
SKU00285,2024-01-02,2025-05-24,20434.54,10744.61
SKU00285,2025-05-25,,49600.0,26080.0
SKU00286,2023-11-15,,45600.0,27410.0
SKU00287,2023-10-05,,31700.0,18080.0
SKU00288,2024-02-12,2025-06-04,9759.97,5257.65
SKU00288,2025-06-05,,23000.0,12390.0
SKU00289,2022-02-05,2024-05-23,16762.65,10013.75
SKU00289,2024-05-24,,80300.0,47970.0
SKU00290,2025-05-21,2025-10-23,22411.89,
SKU00290,2025-10-24,2026-03-24,25981.53,
SKU00290,2026-03-25,,33900.0,
SKU00291,2023-05-27,,55100.0,30030.0
SKU00292,2024-10-19,2025-01-10,47788.13,24334.86
SKU00292,2025-01-11,2025-12-07,52219.38,26591.35
SKU00292,2025-12-08,,88900.0,45270.0
SKU00293,2023-12-20,2025-10-17,33198.93,16495.47
SKU00293,2025-10-18,,83000.0,41240.0
SKU00294,2023-09-19,,72500.0,45170.0
SKU00295,2024-05-31,2025-06-09,8624.72,4646.22
SKU00295,2025-06-10,,18600.0,10020.0
SKU00296,2022-03-26,2023-02-14,13889.83,7394.29
SKU00296,2023-02-15,,64600.0,34390.0
SKU00297,2023-11-19,,11500.0,6940.0
SKU00298,2023-06-12,,44800.0,21810.0
SKU00299,2025-05-05,2025-06-20,4297.27,2380.02
SKU00299,2025-06-21,2026-02-10,4426.18,2451.42
SKU00299,2026-02-11,,6500.0,3600.0
SKU00300,2025-03-24,,27700.0,16970.0
SKU00301,2022-12-10,2026-03-12,4460.63,2022.71
SKU00301,2026-03-13,,15900.0,7210.0
SKU00302,2023-08-27,2025-10-13,29105.9,15530.25
SKU00302,2025-10-14,,81900.0,43700.0
SKU00303,2022-06-12,2024-11-17,18114.67,10217.99
SKU00303,2024-11-18,,77100.0,43490.0
SKU00304,2024-11-06,2025-03-03,44017.22,28065.82
SKU00304,2025-03-04,,79500.0,50690.0
SKU00305,2025-02-23,2026-03-25,5687.15,
SKU00305,2026-03-26,,9400.0,
SKU00306,2023-09-01,,18100.0,11610.0
SKU00307,2022-09-02,2025-06-09,16200.07,10290.0
SKU00307,2025-06-10,2026-04-24,42968.03,27292.53
SKU00307,2026-04-25,,63100.0,40080.0
SKU00308,2025-03-26,2025-08-21,55274.91,33626.09
SKU00308,2025-08-22,,88700.0,53960.0
SKU00309,2022-06-15,,78900.0,50350.0
SKU00310,2024-09-21,,55600.0,34130.0
SKU00311,2022-01-30,2022-03-12,17794.44,9685.61
SKU00311,2022-03-13,,87800.0,47790.0
SKU00312,2022-09-05,2022-10-23,5417.14,3157.86
SKU00312,2022-10-24,2024-10-27,5579.65,3252.6
SKU00312,2024-10-28,,21100.0,12300.0
SKU00313,2022-10-17,,6900.0,3530.0
SKU00314,2024-05-26,2026-03-15,16322.05,9974.07
SKU00314,2026-03-16,,35200.0,21510.0
SKU00315,2023-02-15,2025-10-20,1220.27,628.0
SKU00315,2025-10-21,,4100.0,2110.0
SKU00316,2024-03-01,2024-08-14,12675.23,7382.23
SKU00316,2024-08-15,,29000.0,16890.0
SKU00317,2022-05-14,,79000.0,43140.0
SKU00318,2024-07-21,2026-07-01,37534.54,20061.06
SKU00318,2026-07-02,,76300.0,40780.0
SKU00319,2023-10-14,2025-11-07,17418.61,8958.14
SKU00319,2025-11-08,,46200.0,23760.0
SKU00320,2022-11-16,,19300.0,12120.0
SKU00321,2022-09-10,2024-03-06,14120.51,7111.6
SKU00321,2024-03-07,,55000.0,27700.0
SKU00322,2023-11-08,2025-02-24,19183.85,10186.08
SKU00322,2025-02-25,2025-11-14,29887.81,15869.58
SKU00322,2025-11-15,,49400.0,26230.0
SKU00323,2023-07-12,,5200.0,3060.0
SKU00324,2023-04-25,2024-06-15,24755.08,14152.07
SKU00324,2024-06-16,,78400.0,44820.0
SKU00325,2023-06-12,,15000.0,8010.0
SKU00326,2023-11-07,2024-02-04,7727.91,3739.69
SKU00326,2024-02-05,2024-09-20,8444.49,4086.46
SKU00326,2024-09-21,,19900.0,9630.0
SKU00327,2022-09-18,,27900.0,17550.0
SKU00328,2024-03-16,2025-02-05,33305.25,20271.62
SKU00328,2025-02-06,,76200.0,46380.0
SKU00329,2024-03-25,,83700.0,39470.0
SKU00330,2024-12-22,2026-03-26,12147.09,5571.69
SKU00330,2026-03-27,,21300.0,9770.0
SKU00331,2024-02-20,2024-11-28,1018.43,589.84
SKU00331,2024-11-29,,2400.0,1390.0
SKU00332,2024-12-29,2025-12-16,21670.87,12204.12
SKU00332,2025-12-17,,38000.0,21400.0
SKU00333,2022-10-24,2023-03-04,20758.43,10529.95
SKU00333,2023-03-05,2025-08-22,24064.71,12207.09
SKU00333,2025-08-23,,78500.0,39820.0
SKU00334,2024-08-03,2026-05-16,11907.26,7316.63
SKU00334,2026-05-17,,23500.0,14440.0
SKU00335,2024-10-31,,4200.0,2670.0
SKU00336,2025-02-25,,32500.0,14840.0
SKU00337,2023-02-08,,21100.0,9840.0
SKU00338,2023-02-06,,76300.0,35180.0
SKU00339,2025-03-23,2025-07-03,4175.22,2392.96
SKU00339,2025-07-04,,6700.0,3840.0
SKU00340,2022-10-06,2023-02-09,5420.99,2803.05
SKU00340,2023-02-10,,20500.0,10600.0
SKU00341,2025-06-27,2025-08-27,48483.74,25944.25
SKU00341,2025-08-28,2025-10-24,51436.39,27524.25
SKU00341,2025-10-25,,71200.0,38100.0
SKU00342,2025-02-06,,66200.0,
SKU00343,2022-11-02,2025-09-26,3677.02,1705.05
SKU00343,2025-09-27,2026-04-15,10045.27,4658.03
SKU00343,2026-04-16,,13500.0,6260.0
SKU00344,2024-07-16,2025-09-16,37288.58,17689.94
SKU00344,2025-09-17,2026-05-19,56402.32,26757.62
SKU00344,2026-05-20,,75800.0,35960.0
SKU00345,2022-11-28,,8900.0,4280.0
SKU00346,2024-11-27,,47900.0,28150.0
SKU00347,2024-10-04,2025-05-09,24458.49,14040.79
SKU00347,2025-05-10,2026-03-11,30080.86,17268.4
SKU00347,2026-03-12,,45500.0,26120.0
SKU00348,2022-06-10,2023-10-27,10760.72,6444.69
SKU00348,2023-10-28,,45800.0,27430.0
SKU00349,2023-05-29,2024-03-23,17919.96,8693.3
SKU00349,2024-03-24,,55100.0,26730.0
SKU00350,2022-01-23,2022-12-24,6404.38,4154.74
SKU00350,2022-12-25,2024-04-13,8865.16,5751.13
SKU00350,2024-04-14,,31600.0,20500.0
SKU00351,2022-09-14,,41500.0,24300.0
SKU00352,2024-05-20,2025-09-22,7975.55,4664.77
SKU00352,2025-09-23,,17200.0,10060.0
SKU00353,2025-03-08,,63400.0,30560.0
SKU00354,2022-05-28,2025-09-29,19343.48,10230.6
SKU00354,2025-09-30,2026-05-03,63099.16,33372.61
SKU00354,2026-05-04,,84800.0,44850.0
SKU00355,2023-10-08,,32500.0,19030.0
SKU00356,2024-08-25,,83000.0,51260.0
SKU00357,2023-10-04,,51500.0,23730.0
SKU00358,2024-05-24,2025-04-02,20773.52,11926.23
SKU00358,2025-04-03,2025-09-02,28755.42,16508.69
SKU00358,2025-09-03,,44800.0,25720.0
SKU00359,2022-08-30,,75600.0,37080.0
SKU00360,2022-04-01,,43000.0,24860.0
SKU00361,2022-02-17,2024-04-14,13067.77,6001.57
SKU00361,2024-04-15,,62600.0,28750.0
SKU00362,2023-12-05,2024-10-27,31638.98,14955.52
SKU00362,2024-10-28,2025-12-03,42520.15,20098.97
SKU00362,2025-12-04,,79100.0,37390.0
SKU00363,2023-12-27,2024-04-15,30879.01,19231.38
SKU00363,2024-04-16,,77200.0,48080.0
SKU00364,2022-07-07,,55900.0,31200.0
SKU00365,2022-08-24,,32800.0,17310.0
SKU00366,2022-09-18,2024-03-25,21334.81,12408.08
SKU00366,2024-03-26,,83100.0,48330.0
SKU00367,2024-12-08,2025-12-15,24465.27,12763.0
SKU00367,2025-12-16,,42900.0,22380.0
SKU00368,2025-06-17,2025-12-05,61013.24,38875.51
SKU00368,2025-12-06,,89600.0,57090.0
SKU00369,2025-03-28,2026-06-26,51909.81,
SKU00369,2026-06-27,,83300.0,
SKU00370,2022-05-02,2025-03-14,7618.78,4699.01
SKU00370,2025-03-15,,33400.0,20600.0
SKU00371,2025-04-29,2026-03-04,40180.56,25417.73
SKU00371,2026-03-05,,62600.0,39600.0
SKU00372,2023-08-13,,66700.0,41130.0
SKU00373,2024-09-02,,72400.0,40960.0
SKU00374,2023-02-22,2023-12-17,18839.85,8762.17
SKU00374,2023-12-18,2024-03-17,25319.19,11775.62
SKU00374,2024-03-18,,63300.0,29440.0
SKU00375,2023-08-19,,35800.0,21870.0
SKU00376,2023-10-20,,10200.0,5260.0
SKU00377,2023-07-03,,57100.0,30840.0
SKU00378,2022-01-17,,8400.0,4070.0
SKU00379,2024-06-13,2026-05-24,28942.9,16195.6
SKU00379,2026-05-25,,60600.0,33910.0
SKU00380,2022-08-20,2023-09-04,13410.12,8467.32
SKU00380,2023-09-05,,53800.0,33970.0
SKU00381,2023-08-03,,84100.0,42790.0
SKU00382,2024-08-01,2025-12-21,40484.67,22456.58
SKU00382,2025-12-22,2026-01-20,64966.01,36036.22
SKU00382,2026-01-21,,79900.0,44320.0
SKU00383,2022-09-06,2024-08-17,15044.76,7073.09
SKU00383,2024-08-18,,58600.0,27550.0
SKU00384,2022-07-30,2026-06-27,9026.56,5774.09
SKU00384,2026-06-28,2026-07-29,36213.59,23165.05
SKU00384,2026-07-30,,37300.0,23860.0
SKU00385,2023-10-17,2024-07-27,31934.12,17022.74
SKU00385,2024-07-28,,84700.0,45150.0
SKU00386,2025-02-13,,23700.0,15220.0
SKU00387,2024-10-19,2025-02-17,24781.02,15846.95
SKU00387,2025-02-18,,46100.0,29480.0
SKU00388,2025-01-03,,5100.0,2900.0
SKU00389,2024-03-14,2025-03-07,11713.66,5279.89
SKU00389,2025-03-08,,26800.0,12080.0
SKU00390,2023-06-01,2023-12-22,15074.23,9640.81
SKU00390,2023-12-23,2024-11-16,17999.42,11511.63
SKU00390,2024-11-17,,45000.0,28780.0
SKU00391,2023-10-06,2026-06-15,15985.91,7876.08
SKU00391,2026-06-16,,42400.0,20890.0
SKU00392,2025-06-07,,63500.0,
SKU00393,2024-10-23,2024-12-23,37037.15,18518.57
SKU00393,2024-12-24,2026-06-03,39292.71,19646.35
SKU00393,2026-06-04,,68900.0,34450.0
SKU00394,2022-11-26,2023-12-21,19202.21,11627.55
SKU00394,2023-12-22,2025-06-13,28199.09,17075.45
SKU00394,2025-06-14,,70500.0,42690.0
SKU00395,2024-08-07,2026-05-06,21534.4,12940.91
SKU00395,2026-05-07,,42500.0,25540.0
SKU00396,2024-09-19,,5200.0,2550.0
SKU00397,2024-11-05,2025-04-11,19987.69,12701.32
SKU00397,2025-04-12,,36100.0,22940.0
SKU00398,2025-02-17,2026-01-24,38237.04,22319.06
SKU00398,2026-01-25,,63200.0,36890.0
SKU00399,2025-01-27,,74400.0,44230.0
SKU00400,2024-06-05,2025-11-08,3582.04,2249.52
SKU00400,2025-11-09,2026-04-01,5920.57,3718.12
SKU00400,2026-04-02,,7500.0,4710.0
SKU00401,2024-09-06,2024-11-18,36062.77,17780.88
SKU00401,2024-11-19,2024-11-29,38258.99,18863.73
SKU00401,2024-11-30,,69100.0,34070.0
SKU00402,2024-09-03,2025-10-01,28338.76,15312.33
SKU00402,2025-10-02,2026-03-22,41616.43,22486.67
SKU00402,2026-03-23,,54300.0,29340.0
SKU00403,2024-07-11,2025-10-28,2262.9,1382.33
SKU00403,2025-10-29,2025-12-04,3525.52,2153.63
SKU00403,2025-12-05,,4600.0,2810.0
SKU00404,2022-04-01,,32300.0,18590.0
SKU00405,2023-03-13,2023-09-14,22746.52,14469.48
SKU00405,2023-09-15,2025-06-02,27160.53,17277.32
SKU00405,2025-06-03,,74200.0,47200.0
SKU00406,2023-08-22,2026-05-06,17165.02,9264.85
SKU00406,2026-05-07,2026-07-30,45527.38,24573.48
SKU00406,2026-07-31,,48300.0,26070.0
SKU00407,2022-01-14,2023-04-24,587.74,277.66
SKU00407,2023-04-25,,2900.0,1370.0
SKU00408,2023-03-30,,65900.0,32070.0
SKU00409,2024-03-07,2026-01-29,21154.51,10223.23
SKU00409,2026-01-30,,48400.0,23390.0
SKU00410,2022-10-24,2024-03-28,18986.69,9342.62
SKU00410,2024-03-29,,71800.0,35330.0
SKU00411,2025-04-20,2026-02-21,44801.96,
SKU00411,2026-02-22,,69800.0,
SKU00412,2024-04-29,,67900.0,35430.0
SKU00413,2024-04-21,2024-11-19,39121.43,21537.04
SKU00413,2024-11-20,2025-07-30,48114.42,26487.85
SKU00413,2025-07-31,,86900.0,47840.0
SKU00414,2023-12-28,,37700.0,20090.0
SKU00415,2023-11-12,2024-03-08,11184.11,6535.71
SKU00415,2024-03-09,,28800.0,16830.0
SKU00416,2023-05-13,,17300.0,8320.0
SKU00417,2025-06-29,,86800.0,42700.0
SKU00418,2024-03-30,,73300.0,34200.0
SKU00419,2024-06-13,,54300.0,25580.0
SKU00420,2024-08-29,2025-09-16,17075.51,8826.57
SKU00420,2025-09-17,2026-02-22,25075.96,12962.12
SKU00420,2026-02-23,,33700.0,17420.0
SKU00421,2022-01-30,2024-03-06,11329.26,5107.29
SKU00421,2024-03-07,2024-09-04,24432.59,11014.33
SKU00421,2024-09-05,,55900.0,25200.0
SKU00422,2024-07-31,2025-09-17,12987.05,7821.75
SKU00422,2025-09-18,2026-03-27,19644.08,11831.09
SKU00422,2026-03-28,,26400.0,15900.0
SKU00423,2022-11-24,,68800.0,41830.0
SKU00424,2022-03-06,,52800.0,31720.0
SKU00425,2022-09-07,,40300.0,20680.0
SKU00426,2023-04-25,,73400.0,38860.0
SKU00427,2022-05-06,2025-10-01,3125.07,2002.78
SKU00427,2025-10-02,,13700.0,8780.0
SKU00428,2022-11-17,2023-10-19,3622.54,2184.42
SKU00428,2023-10-20,2024-06-21,5014.45,3023.75
SKU00428,2024-06-22,,13300.0,8020.0
SKU00429,2025-03-01,2026-02-04,12712.61,7901.76
SKU00429,2026-02-05,2026-03-02,17597.22,10937.88
SKU00429,2026-03-03,,20400.0,12680.0
SKU00430,2023-12-03,2025-10-11,22759.27,14539.53
SKU00430,2025-10-12,,56900.0,36350.0
SKU00431,2023-10-10,,55100.0,34080.0
SKU00432,2025-05-19,,45600.0,
SKU00433,2023-12-26,,38000.0,24160.0
SKU00434,2025-06-23,2025-10-12,40108.03,25433.53
SKU00434,2025-10-13,,58900.0,37350.0
SKU00435,2024-03-25,,5800.0,3030.0
SKU00436,2024-10-29,2026-04-10,43702.76,22007.27
SKU00436,2026-04-11,,81300.0,40940.0
SKU00437,2024-02-02,2024-06-05,21132.45,11283.37
SKU00437,2024-06-06,,49800.0,26590.0
SKU00438,2024-08-26,2025-03-29,1469.41,673.9
SKU00438,2025-03-30,2025-10-17,1807.18,828.81
SKU00438,2025-10-18,,2900.0,1330.0
SKU00439,2022-02-27,2022-05-19,9414.64,4949.47
SKU00439,2022-05-20,2025-09-02,10287.63,5408.42
SKU00439,2025-09-03,,45100.0,23710.0
SKU00440,2025-04-01,2026-05-11,51413.14,26502.48
SKU00440,2026-05-12,,80100.0,41290.0
SKU00441,2023-08-25,,15900.0,7540.0
SKU00442,2022-08-04,2026-06-14,9521.68,6159.18
SKU00442,2026-06-15,,38200.0,24710.0
SKU00443,2024-02-19,2024-12-05,34372.06,19146.51
SKU00443,2024-12-06,2025-04-23,46193.17,25731.31
SKU00443,2025-04-24,,81000.0,45120.0
SKU00444,2022-03-16,,47700.0,27390.0
SKU00445,2025-04-21,2025-08-30,43261.5,19955.49
SKU00445,2025-08-31,,67400.0,31090.0
SKU00446,2023-11-04,,84600.0,52880.0
SKU00447,2024-02-02,2024-09-21,18289.33,9462.92
SKU00447,2024-09-22,,43100.0,22300.0
SKU00448,2023-04-12,,48700.0,26820.0
SKU00449,2022-12-31,2024-11-14,8388.23,3983.71
SKU00449,2024-11-15,2026-07-06,16554.91,7862.2
SKU00449,2026-07-07,,29900.0,14200.0
SKU00450,2023-12-17,2025-07-20,26319.15,16527.47
SKU00450,2025-07-21,,65800.0,41320.0
SKU00451,2024-07-03,2025-02-17,29122.48,14797.37
SKU00451,2025-02-18,,59200.0,30080.0
SKU00452,2022-01-18,2022-02-16,8187.88,3992.6
SKU00452,2022-02-17,2025-01-18,8433.51,4112.38
SKU00452,2025-01-19,,40400.0,19700.0
SKU00453,2022-11-09,,84500.0,42260.0
SKU00454,2022-02-24,2023-09-10,6888.76,3993.39
SKU00454,2023-09-11,,33000.0,19130.0
SKU00455,2022-07-19,,66800.0,36090.0
SKU00456,2024-08-20,2024-10-25,7144.35,3800.19
SKU00456,2024-10-26,,14100.0,7500.0
SKU00457,2023-05-13,2026-01-13,24034.21,12160.21
SKU00457,2026-01-14,,73900.0,37390.0
SKU00458,2025-02-19,2026-07-21,22930.12,11573.96
SKU00458,2026-07-22,,37900.0,19130.0
SKU00459,2024-08-12,,34500.0,17840.0
SKU00460,2022-03-06,,44100.0,27160.0
SKU00461,2025-06-15,,73900.0,35810.0
SKU00462,2025-04-20,2025-06-25,14698.64,7625.32
SKU00462,2025-06-26,,22900.0,11880.0
SKU00463,2022-04-04,2022-09-04,13708.57,8185.28
SKU00463,2022-09-05,2024-07-08,15891.99,9488.98
SKU00463,2024-07-09,,61900.0,36960.0
SKU00464,2023-07-03,,66700.0,32900.0
SKU00465,2023-09-02,,21600.0,13990.0
SKU00466,2025-05-26,2026-06-22,35502.03,21387.16
SKU00466,2026-06-23,,53700.0,32350.0
SKU00467,2022-11-07,,20000.0,11480.0
SKU00468,2025-04-10,2025-06-16,17907.95,9794.81
SKU00468,2025-06-17,,27900.0,15260.0
SKU00469,2023-08-21,2023-12-06,14570.72,9062.28
SKU00469,2023-12-07,,41000.0,25500.0
SKU00470,2025-06-02,2025-08-17,22948.06,13714.36
SKU00470,2025-08-18,,33700.0,20140.0
SKU00471,2024-11-08,,29100.0,16620.0
SKU00472,2024-02-10,,77300.0,38390.0
SKU00473,2022-05-27,2025-06-22,8850.55,5711.8
SKU00473,2025-06-23,,38800.0,25040.0
SKU00474,2024-03-07,,74800.0,46880.0
SKU00475,2023-08-05,2026-01-07,19510.55,10238.6
SKU00475,2026-01-08,,54900.0,28810.0
SKU00476,2022-09-17,2025-04-05,3722.68,2318.33
SKU00476,2025-04-06,,14500.0,9030.0
SKU00477,2022-03-08,2022-06-08,2601.65,1655.6
SKU00477,2022-06-09,2023-01-23,2842.9,1809.12
SKU00477,2023-01-24,,12100.0,7700.0
SKU00478,2023-11-05,2025-08-03,32542.64,20822.63
SKU00478,2025-08-04,,83800.0,53620.0
SKU00479,2022-06-08,2024-12-21,16587.49,9658.81
SKU00479,2024-12-22,2026-01-22,40262.19,23444.46
SKU00479,2026-01-23,,70600.0,41110.0
SKU00480,2024-05-02,,36200.0,22310.0
SKU00481,2022-12-01,2023-05-12,14896.83,8228.32
SKU00481,2023-05-13,,53100.0,29330.0
SKU00482,2024-01-13,2024-05-23,5726.62,2714.99
SKU00482,2024-05-24,,13900.0,6590.0
SKU00483,2024-09-19,2025-10-28,32044.2,15307.11
SKU00483,2025-10-29,,61400.0,29330.0
SKU00484,2023-11-09,,63800.0,34260.0
SKU00485,2025-06-26,2025-10-09,9056.65,
SKU00485,2025-10-10,,13300.0,
SKU00486,2025-04-30,2025-10-19,45957.32,29775.98
SKU00486,2025-10-20,,71600.0,46390.0
SKU00487,2024-07-25,2025-08-11,11708.02,6183.61
SKU00487,2025-08-12,2026-07-16,17193.63,9080.84
SKU00487,2026-07-17,,23800.0,12570.0
SKU00488,2022-05-26,2026-04-10,10173.58,5568.09
SKU00488,2026-04-11,,44600.0,24410.0
SKU00489,2025-02-13,2025-08-01,13733.87,7084.74
SKU00489,2025-08-02,2025-12-28,16398.96,8459.55
SKU00489,2025-12-29,,22700.0,11710.0
SKU00490,2024-09-27,2026-01-08,5166.74,2917.38
SKU00490,2026-01-09,,9900.0,5590.0
SKU00491,2024-03-08,,89700.0,42590.0
SKU00492,2023-04-04,2025-04-05,20650.28,11471.33
SKU00492,2025-04-06,,65400.0,36330.0
SKU00493,2022-12-13,2023-02-14,8640.72,4463.44
SKU00493,2023-02-15,2023-06-11,9166.94,4735.26
SKU00493,2023-06-12,,30800.0,15910.0
SKU00494,2024-05-24,,88800.0,41890.0
SKU00495,2024-01-25,2025-03-20,22164.89,12355.48
SKU00495,2025-03-21,2026-07-21,33526.38,18688.78
SKU00495,2026-07-22,,53800.0,29990.0
SKU00496,2024-08-19,2025-03-03,43068.8,21134.11
SKU00496,2025-03-04,,85000.0,41710.0
SKU00497,2022-11-14,2024-07-13,1252.91,787.15
SKU00497,2024-07-14,2025-06-05,2262.9,1421.69
SKU00497,2025-06-06,,4600.0,2890.0
SKU00498,2025-06-04,2025-12-10,20837.11,11085.89
SKU00498,2025-12-11,2025-12-28,24880.6,13237.13
SKU00498,2025-12-29,,30600.0,16280.0
SKU00499,2025-01-26,,12500.0,6190.0
SKU00500,2022-02-20,2022-04-15,4571.63,2680.35
SKU00500,2022-04-16,,21900.0,12840.0
SKU00501,2022-03-19,2023-09-17,2988.68,1459.94
SKU00501,2023-09-18,2025-10-04,5088.02,2485.44
SKU00501,2025-10-05,,13900.0,6790.0
SKU00502,2022-12-12,2024-08-27,10492.31,5563.17
SKU00502,2024-08-28,2025-04-22,18950.27,10047.7
SKU00502,2025-04-23,,37400.0,19830.0
SKU00503,2023-06-27,2024-08-31,2110.39,1370.08
SKU00503,2024-09-01,,6300.0,4090.0
SKU00504,2024-03-06,,76100.0,46100.0
SKU00505,2023-11-23,2026-06-12,24775.9,13114.14
SKU00505,2026-06-13,,63800.0,33770.0
SKU00506,2022-04-21,2022-08-16,13464.96,8320.37
SKU00506,2022-08-17,2023-01-04,15154.93,9364.65
SKU00506,2023-01-05,,60800.0,37570.0
SKU00507,2024-05-12,2024-08-26,30232.9,18946.57
SKU00507,2024-08-27,,65200.0,40860.0
SKU00508,2023-12-04,2024-06-23,28199.09,16815.46
SKU00508,2024-06-24,2026-01-05,33671.19,20078.54
SKU00508,2026-01-06,,70500.0,42040.0
SKU00509,2024-03-16,,82200.0,50050.0
SKU00510,2023-04-22,2024-07-04,9851.51,5427.8
SKU00510,2024-07-05,2025-12-22,15348.33,8456.34
SKU00510,2025-12-23,,31200.0,17190.0
SKU00511,2023-09-03,2024-03-29,3770.26,2013.25
SKU00511,2024-03-30,2024-12-19,4501.89,2403.92
SKU00511,2024-12-20,,10300.0,5500.0
SKU00512,2022-09-26,,58300.0,28760.0
SKU00513,2023-03-15,2025-10-21,16186.2,8362.87
SKU00513,2025-10-22,,52800.0,27280.0
SKU00514,2024-08-08,2025-04-11,11349.9,5923.23
SKU00514,2025-04-12,2026-03-12,14377.71,7503.37
SKU00514,2026-03-13,,22400.0,11690.0
SKU00515,2022-04-05,2023-03-11,12025.45,6528.73
SKU00515,2023-03-12,2025-08-03,16646.04,9037.3
SKU00515,2025-08-04,,54300.0,29480.0
SKU00516,2022-06-02,2024-08-29,9679.95,5857.31
SKU00516,2024-08-30,2025-07-04,20875.7,12631.83
SKU00516,2025-07-05,,41200.0,24930.0
SKU00517,2024-03-06,,58500.0,33170.0
SKU00518,2024-09-07,2026-06-10,6314.9,2865.19
SKU00518,2026-06-11,,12100.0,5490.0
SKU00519,2022-09-29,2023-09-10,8934.43,4236.15
SKU00519,2023-09-11,2025-12-02,12738.36,6039.74
SKU00519,2025-12-03,,34800.0,16500.0
SKU00520,2022-11-26,2024-07-15,16206.12,10066.86
SKU00520,2024-07-16,,59500.0,36960.0
SKU00521,2024-10-30,,66900.0,36050.0
SKU00522,2023-04-16,,75600.0,44830.0
SKU00523,2024-04-14,2024-11-01,21564.06,12312.67
SKU00523,2024-11-02,2025-12-25,26521.07,15143.03
SKU00523,2025-12-26,,47900.0,27350.0
SKU00524,2023-02-20,2023-04-14,5357.3,2431.62
SKU00524,2023-04-15,,18000.0,8170.0
SKU00525,2023-12-02,,82900.0,53330.0
SKU00526,2024-08-10,2025-05-31,23713.17,13417.2
SKU00526,2025-06-01,,46800.0,26480.0
SKU00527,2025-03-20,,71500.0,33600.0
SKU00528,2023-06-30,2023-11-05,21907.88,13342.37
SKU00528,2023-11-06,,65400.0,39830.0
SKU00529,2023-04-17,2024-11-27,7230.76,4070.06
SKU00529,2024-11-28,2025-08-18,12679.17,7136.88
SKU00529,2025-08-19,,22900.0,12890.0
SKU00530,2022-05-04,2024-12-17,16606.2,10620.67
SKU00530,2024-12-18,2025-10-16,41516.82,26552.52
SKU00530,2025-10-17,,72800.0,46560.0
SKU00531,2025-01-21,2025-05-30,22497.21,10808.06
SKU00531,2025-05-31,2025-07-31,25320.81,12164.57
SKU00531,2025-08-01,,38300.0,18400.0
SKU00532,2022-04-11,2023-01-20,14638.72,8384.6
SKU00532,2023-01-21,,66100.0,37860.0
SKU00533,2023-12-21,,45400.0,23980.0
SKU00534,2023-09-11,2024-10-21,1647.2,1043.23
SKU00534,2024-10-22,2026-01-22,2418.97,1532.02
SKU00534,2026-01-23,,4500.0,2850.0
SKU00535,2023-01-17,2023-08-05,10286.95,4721.59
SKU00535,2023-08-06,2026-01-09,12651.65,5806.96
SKU00535,2026-01-10,,35600.0,16340.0
SKU00536,2024-09-16,,11100.0,6300.0
SKU00537,2022-04-08,,5100.0,3070.0
SKU00538,2022-09-30,2025-10-08,17278.37,7791.95
SKU00538,2025-10-09,,67300.0,30350.0
SKU00539,2024-04-24,,58700.0,30010.0
SKU00540,2022-04-15,2025-08-09,6112.38,3798.09
SKU00540,2025-08-10,,27600.0,17150.0
SKU00541,2023-01-23,2025-04-21,2398.36,1280.09
SKU00541,2025-04-22,,8300.0,4430.0
SKU00542,2024-07-14,,86000.0,40190.0
SKU00543,2024-06-04,2025-08-06,26507.11,13296.54
SKU00543,2025-08-07,2025-09-02,40094.38,20112.21
SKU00543,2025-09-03,,55500.0,27840.0
SKU00544,2022-12-27,2023-08-11,6228.05,3223.44
SKU00544,2023-08-12,,22200.0,11490.0
SKU00545,2022-07-02,2026-05-11,15657.32,8356.22
SKU00545,2026-05-12,,64700.0,34530.0
SKU00546,2023-04-02,2024-07-06,20492.41,12990.1
SKU00546,2024-07-07,,64900.0,41140.0
SKU00547,2024-07-15,,82300.0,45850.0
SKU00548,2023-04-13,2024-12-17,7767.54,4477.39
SKU00548,2024-12-18,2025-05-06,14029.04,8086.66
SKU00548,2025-05-07,,24600.0,14180.0
SKU00549,2022-05-30,2026-01-13,2303.88,1195.28
SKU00549,2026-01-14,,10100.0,5240.0
SKU00550,2024-06-24,,28700.0,18390.0
SKU00551,2023-12-28,2024-02-28,20519.34,10843.65
SKU00551,2024-02-29,,51300.0,27110.0
SKU00552,2025-03-18,2026-04-07,16763.19,9316.35
SKU00552,2026-04-08,,26900.0,14950.0
SKU00553,2025-04-14,,48700.0,30280.0
SKU00554,2025-03-11,2025-05-10,28603.36,18451.97
SKU00554,2025-05-11,,45900.0,29610.0
SKU00555,2024-10-21,2026-05-19,3494.07,1994.31
SKU00555,2026-05-20,,6500.0,3710.0
SKU00556,2023-02-10,,39300.0,20070.0
SKU00557,2023-05-25,2023-08-01,14602.65,9483.59
SKU00557,2023-08-02,2026-02-11,15956.71,10362.98
SKU00557,2026-02-12,,44900.0,29160.0
SKU00558,2025-04-07,2025-11-19,23748.89,15154.36
SKU00558,2025-11-20,,37000.0,23610.0
SKU00559,2025-02-15,2026-05-06,29524.8,15603.37
SKU00559,2026-05-07,,48800.0,25790.0
SKU00560,2022-11-13,2024-12-07,2287.92,1070.42
SKU00560,2024-12-08,2025-07-09,4790.4,2241.22
SKU00560,2025-07-10,,8400.0,3930.0
SKU00561,2023-04-07,,78100.0,37230.0
SKU00562,2023-04-12,,27400.0,14360.0
SKU00563,2023-04-09,2025-06-13,2589.18,1272.49
SKU00563,2025-06-14,2025-10-03,5583.8,2744.23
SKU00563,2025-10-04,,8200.0,4030.0
SKU00564,2023-05-20,2024-10-19,7089.93,3795.39
SKU00564,2024-10-20,,21800.0,11670.0
SKU00565,2023-05-10,2024-02-12,4585.69,2621.32
SKU00565,2024-02-13,2025-08-12,5983.28,3420.23
SKU00565,2025-08-13,,14100.0,8060.0
SKU00566,2022-09-06,2023-06-22,11065.34,6510.84
SKU00566,2023-06-23,,43100.0,25360.0
SKU00567,2023-12-21,2025-10-16,7879.75,3927.87
SKU00567,2025-10-17,,19700.0,9820.0
SKU00568,2024-10-14,,42300.0,22410.0
SKU00569,2023-11-21,2024-03-25,11883.11,5677.49
SKU00569,2024-03-26,,30600.0,14620.0
SKU00570,2024-12-03,2025-10-23,26119.1,13698.27
SKU00570,2025-10-24,2026-04-18,35101.89,18409.33
SKU00570,2026-04-19,,45800.0,24020.0
SKU00571,2023-12-20,2024-09-12,14159.54,8623.72
SKU00571,2024-09-13,,35400.0,21560.0
SKU00572,2022-08-14,2023-10-26,1670.03,815.08
SKU00572,2023-10-27,,6700.0,3270.0
SKU00573,2024-08-26,2026-01-06,43676.83,22684.59
SKU00573,2026-01-07,,86200.0,44770.0
SKU00574,2025-01-29,2025-11-30,4405.46,2185.11
SKU00574,2025-12-01,2026-02-11,6098.19,3024.7
SKU00574,2026-02-12,,7500.0,3720.0
SKU00575,2022-12-26,,8600.0,5550.0
SKU00576,2023-10-20,2024-02-29,10933.76,5282.14
SKU00576,2024-03-01,,29000.0,14010.0
SKU00577,2023-12-26,,10900.0,6700.0
SKU00578,2025-05-18,2026-04-15,33849.23,21327.66
SKU00578,2026-04-16,,51200.0,32260.0
SKU00579,2024-04-10,2024-06-21,16296.84,8711.16
SKU00579,2024-06-22,,36200.0,19350.0
SKU00580,2024-10-23,2025-12-22,25802.37,14857.86
SKU00580,2025-12-23,,48000.0,27640.0
SKU00581,2023-11-29,,47500.0,23760.0
SKU00582,2024-10-02,,51000.0,32590.0
SKU00583,2022-04-18,2023-07-22,11316.77,6083.59
SKU00583,2023-07-23,2026-06-28,17631.16,9478.04
SKU00583,2026-06-29,,51100.0,27470.0
SKU00584,2022-04-15,2023-08-18,1860.29,1202.55
SKU00584,2023-08-19,2026-02-11,2985.22,1929.73
SKU00584,2026-02-12,,8400.0,5430.0
SKU00585,2025-02-21,,3900.0,1760.0
SKU00586,2024-03-20,,31400.0,19920.0
SKU00587,2022-07-03,,32400.0,20490.0
SKU00588,2024-04-08,2026-01-25,35294.82,18349.71
SKU00588,2026-01-26,,78400.0,40760.0
SKU00589,2022-11-10,,51400.0,27000.0
SKU00590,2022-10-09,,78600.0,46220.0
SKU00591,2023-10-28,2024-09-01,23564.14,13474.92
SKU00591,2024-09-02,,62500.0,35740.0
SKU00592,2024-09-02,,57000.0,33670.0
SKU00593,2023-05-19,,78700.0,40040.0
SKU00594,2023-03-08,,16500.0,8520.0
SKU00595,2024-05-07,2025-09-08,32922.33,20453.57
SKU00595,2025-09-09,,71000.0,44110.0
SKU00596,2023-09-22,2024-04-28,13836.5,7756.49
SKU00596,2024-04-29,2024-04-30,17017.15,9539.51
SKU00596,2024-05-01,,37800.0,21190.0
SKU00597,2023-11-17,2025-08-05,28076.77,16935.38
SKU00597,2025-08-06,2026-05-25,52231.06,31504.79
SKU00597,2026-05-26,,72300.0,43610.0
SKU00598,2024-07-08,2024-12-13,34533.75,19165.74
SKU00598,2024-12-14,2025-08-02,40034.08,22218.34
SKU00598,2025-08-03,,70200.0,38960.0
SKU00599,2024-06-22,2025-05-17,28704.09,13673.85
SKU00599,2025-05-18,,60100.0,28630.0
SKU00600,2023-06-08,2024-01-03,16146.18,7316.03
SKU00600,2024-01-04,2025-02-12,19857.76,8997.79
SKU00600,2025-02-13,,48200.0,21840.0
SKU00601,2024-11-20,,42100.0,19830.0
SKU00602,2024-04-30,2026-05-19,35835.05,22131.29
SKU00602,2026-05-20,,79600.0,49160.0
SKU00603,2024-10-25,2025-04-21,29188.93,18540.07
SKU00603,2025-04-22,2026-06-07,34853.1,22137.82
SKU00603,2026-06-08,,54300.0,34490.0
SKU00604,2024-11-29,2025-08-16,7363.89,4335.28
SKU00604,2025-08-17,,13300.0,7830.0
SKU00605,2025-02-07,2025-10-21,23293.13,13788.32
SKU00605,2025-10-22,2026-05-20,29507.04,17466.64
SKU00605,2026-05-21,,38500.0,22790.0
SKU00606,2025-05-07,,69800.0,44440.0
SKU00607,2024-03-27,2025-07-28,37370.06,20866.04
SKU00607,2025-07-29,,85500.0,47740.0
SKU00608,2023-10-31,,82600.0,44200.0
SKU00609,2024-06-25,,65600.0,36470.0
SKU00610,2024-10-20,,77900.0,37470.0
SKU00611,2023-06-22,2025-05-23,23046.83,14283.67
SKU00611,2025-05-24,,68800.0,42640.0
SKU00612,2023-06-21,2026-03-17,21907.88,10575.41
SKU00612,2026-03-18,,65400.0,31570.0
SKU00613,2022-07-06,2025-07-24,14181.13,8728.9
SKU00613,2025-07-25,,58600.0,36070.0
SKU00614,2024-08-03,2024-12-04,8816.44,5690.15
SKU00614,2024-12-05,2025-07-09,9922.98,6404.31
SKU00614,2025-07-10,,17400.0,11230.0
SKU00615,2025-06-18,2025-10-24,20019.97,9683.13
SKU00615,2025-10-25,,29400.0,14220.0
SKU00616,2022-08-02,,58000.0,26380.0
SKU00617,2022-09-18,,54800.0,29360.0
SKU00618,2023-06-27,2024-07-10,28708.04,14598.56
SKU00618,2024-07-11,2024-09-21,42158.72,21438.47
SKU00618,2024-09-22,,85700.0,43580.0
SKU00619,2023-01-08,,44700.0,20310.0
SKU00620,2025-05-22,,40300.0,23270.0
SKU00621,2022-03-17,,17400.0,9020.0
SKU00622,2023-01-29,,67000.0,35770.0
SKU00623,2022-05-27,,23800.0,11410.0
SKU00624,2024-04-06,,3600.0,2180.0
SKU00625,2024-09-17,2026-02-11,22180.43,11267.66
SKU00625,2026-02-12,,42500.0,21590.0
SKU00626,2022-08-17,,9700.0,5750.0
SKU00627,2022-03-21,,78400.0,40440.0
SKU00628,2023-08-09,,39800.0,25530.0
SKU00629,2024-01-16,2026-04-22,11041.25,5825.49
SKU00629,2026-04-23,,26800.0,14140.0
SKU00630,2025-03-06,,38200.0,21760.0
SKU00631,2022-02-16,2023-04-19,7515.01,4776.21
SKU00631,2023-04-20,2024-01-12,11367.13,7224.44
SKU00631,2024-01-13,,36000.0,22880.0
SKU00632,2022-05-19,2023-08-12,16127.17,8157.11
SKU00632,2023-08-13,,70700.0,35760.0
SKU00633,2022-08-24,,9300.0,5850.0
SKU00634,2022-10-05,,68200.0,35580.0
SKU00635,2022-10-28,,60500.0,29380.0
SKU00636,2024-01-29,2024-07-14,13389.57,7926.63
SKU00636,2024-07-15,,32500.0,19240.0
SKU00637,2022-08-25,,50400.0,28940.0
SKU00638,2022-12-25,2024-07-26,14111.31,7549.41
SKU00638,2024-07-27,2026-05-09,24744.27,13237.94
SKU00638,2026-05-10,,50300.0,26910.0
SKU00639,2022-08-09,2023-08-04,10942.46,6433.37
SKU00639,2023-08-05,2024-08-20,15601.33,9172.45
SKU00639,2024-08-21,,43900.0,25810.0
SKU00640,2024-08-24,2025-03-26,45044.9,22299.5
SKU00640,2025-03-27,2025-09-12,55399.54,27425.58
SKU00640,2025-09-13,,88900.0,44010.0
SKU00641,2023-02-02,,84600.0,43340.0
SKU00642,2023-12-01,,47700.0,24300.0
SKU00643,2024-11-08,2025-02-14,48114.42,28292.83
SKU00643,2025-02-15,,86900.0,51100.0
SKU00644,2022-11-29,2024-02-08,8252.87,5074.29
SKU00644,2024-02-09,2026-06-23,12857.69,7905.57
SKU00644,2026-06-24,,30300.0,18630.0
SKU00645,2025-02-06,,54000.0,
SKU00646,2025-03-12,,40900.0,
SKU00647,2023-03-13,2025-11-06,21520.29,10597.67
SKU00647,2025-11-07,,70200.0,34570.0
SKU00648,2025-05-06,2025-08-05,9652.32,5619.5
SKU00648,2025-08-06,,14600.0,8500.0
SKU00649,2023-09-08,,30800.0,15270.0
SKU00650,2022-10-10,,20200.0,9430.0
SKU00651,2022-03-05,2022-12-12,8170.49,4766.83
SKU00651,2022-12-13,,38000.0,22170.0
SKU00652,2025-04-24,2026-06-10,47305.23,24300.89
SKU00652,2026-06-11,,73700.0,37860.0
SKU00653,2024-10-19,2026-01-24,3816.6,1886.8
SKU00653,2026-01-25,,7100.0,3510.0
SKU00654,2023-05-07,2024-12-07,4227.94,2244.06
SKU00654,2024-12-08,,13000.0,6900.0
SKU00655,2023-11-05,2024-05-28,1825.18,1095.11
SKU00655,2024-05-29,,4700.0,2820.0
SKU00656,2023-10-21,,51900.0,31410.0
SKU00657,2022-12-17,,82400.0,51720.0
SKU00658,2024-04-19,2024-06-22,12515.26,5933.49
SKU00658,2024-06-23,,27800.0,13180.0
SKU00659,2022-10-31,2023-03-21,9176.02,5714.52
SKU00659,2023-03-22,2024-09-11,10637.52,6624.69
SKU00659,2024-09-12,,34700.0,21610.0
SKU00660,2022-01-14,,79200.0,45420.0
SKU00661,2023-08-27,2025-05-08,11798.73,6684.76
SKU00661,2025-05-09,2025-10-13,21949.11,12435.63
SKU00661,2025-10-14,,33200.0,18810.0
SKU00662,2023-04-20,,23600.0,11150.0
SKU00663,2024-10-13,2024-11-12,2150.2,983.72
SKU00663,2024-11-13,,4000.0,1830.0
SKU00664,2024-06-29,2025-06-14,39450.22,22261.2
SKU00664,2025-06-15,2026-01-02,56246.58,31739.14
SKU00664,2026-01-03,,82600.0,46610.0
SKU00665,2024-02-13,,36600.0,22420.0
SKU00666,2022-07-20,2022-09-05,12850.14,6139.51
SKU00666,2022-09-06,2024-06-26,13632.71,6513.41
SKU00666,2024-06-27,,53100.0,25370.0
SKU00667,2023-02-15,2026-06-29,18899.38,10161.02
SKU00667,2026-06-30,,63500.0,34140.0
SKU00668,2022-11-28,,56600.0,36370.0
SKU00669,2025-01-14,2025-06-03,3818.06,2431.81
SKU00669,2025-06-04,2025-10-13,4426.18,2819.14
SKU00669,2025-10-14,,6500.0,4140.0
SKU00670,2023-10-21,2024-08-08,6786.47,3193.41
SKU00670,2024-08-09,2025-09-21,9120.45,4291.68
SKU00670,2025-09-22,,18000.0,8470.0
SKU00671,2024-03-23,2026-01-04,13461.96,8208.3
SKU00671,2026-01-05,,30800.0,18780.0
SKU00672,2022-12-07,2023-05-28,8219.91,3781.72
SKU00672,2023-05-29,,29300.0,13480.0
SKU00673,2022-07-12,,67600.0,38910.0
SKU00674,2024-09-10,,67600.0,40620.0
SKU00675,2022-01-02,,84800.0,43720.0
SKU00676,2024-12-15,,75800.0,40950.0
SKU00677,2024-11-14,,44900.0,20560.0
SKU00678,2022-04-16,2023-03-03,17694.91,10213.88
SKU00678,2023-03-04,2026-04-21,24493.89,14138.4
SKU00678,2026-04-22,,79900.0,46120.0
SKU00679,2022-12-11,2024-10-11,10155.65,4713.12
SKU00679,2024-10-12,2025-06-02,19459.28,9030.83
SKU00679,2025-06-03,,36200.0,16800.0
SKU00680,2022-05-04,,24500.0,12760.0
SKU00681,2023-09-05,,58200.0,35580.0
SKU00682,2023-08-22,,34700.0,17690.0
SKU00683,2025-05-04,2025-06-03,4231.15,2637.86
SKU00683,2025-06-04,2025-11-15,4358.09,2717.0
SKU00683,2025-11-16,,6400.0,3990.0
SKU00684,2024-01-19,2024-09-27,8692.92,5322.87
SKU00684,2024-09-28,2024-12-05,11011.93,6742.85
SKU00684,2024-12-06,,21100.0,12920.0
SKU00685,2024-12-29,2025-02-25,36327.22,18859.36
SKU00685,2025-02-26,2025-06-08,38539.55,20007.89
SKU00685,2025-06-09,,63700.0,33070.0
SKU00686,2023-01-23,,21700.0,10310.0
SKU00687,2024-10-04,,19600.0,11860.0
SKU00688,2023-06-17,2024-03-01,29244.01,16983.63
SKU00688,2024-03-02,,87300.0,50700.0
SKU00689,2025-03-15,,24000.0,14560.0
SKU00690,2022-04-27,2023-01-18,12379.79,7629.41
SKU00690,2023-01-19,,55900.0,34450.0
SKU00691,2024-11-20,2026-06-10,26908.64,15923.71
SKU00691,2026-06-11,,48600.0,28760.0
SKU00692,2022-09-23,,18400.0,8970.0
SKU00693,2023-11-25,2024-10-23,3650.37,2279.54
SKU00693,2024-10-24,,9400.0,5870.0
SKU00694,2023-11-02,2024-10-17,18213.01,8671.57
SKU00694,2024-10-18,2026-07-02,25211.06,12003.48
SKU00694,2026-07-03,,46900.0,22330.0
SKU00695,2024-11-27,,81400.0,44550.0
SKU00696,2023-02-02,,17100.0,7920.0
SKU00697,2023-02-01,2025-09-23,2767.94,1553.62
SKU00697,2025-09-24,,9300.0,5220.0
SKU00698,2022-04-08,,34500.0,21310.0
SKU00699,2023-01-26,2025-10-01,20313.83,11393.66
SKU00699,2025-10-02,,70300.0,39430.0
SKU00700,2024-07-01,2025-02-14,16627.36,9986.25
SKU00700,2025-02-15,,33800.0,20300.0
SKU00701,2023-04-04,2024-03-08,23207.89,12664.87
SKU00701,2024-03-09,,73500.0,40110.0
SKU00702,2024-05-26,2026-01-28,28470.86,17439.56
SKU00702,2026-01-29,2026-03-19,51421.53,31497.78
SKU00702,2026-03-20,,61400.0,37610.0
SKU00703,2022-05-15,,35700.0,19990.0
SKU00704,2023-05-19,,20700.0,11150.0
SKU00705,2023-08-13,,26200.0,12450.0
SKU00706,2025-05-18,,73300.0,42150.0
SKU00707,2024-11-24,2025-01-22,32057.83,20192.55
SKU00707,2025-01-23,2025-02-16,34010.15,21422.28
SKU00707,2025-02-17,,57900.0,36470.0
SKU00708,2022-01-16,2025-10-03,14855.72,7900.08
SKU00708,2025-10-04,2025-11-14,56178.35,29874.92
SKU00708,2025-11-15,,73300.0,38980.0
SKU00709,2023-04-27,2025-02-11,8525.35,4739.46
SKU00709,2025-02-12,,27000.0,15010.0
SKU00710,2024-06-24,2025-12-31,37778.6,24243.26
SKU00710,2026-01-01,,79100.0,50760.0
SKU00711,2022-10-31,2024-05-22,22926.83,12185.33
SKU00711,2024-05-23,,86700.0,46080.0
SKU00712,2023-12-21,2024-05-03,20839.33,9879.68
SKU00712,2024-05-04,2024-09-12,24158.5,11453.26
SKU00712,2024-09-13,,52100.0,24700.0
SKU00713,2022-01-14,2026-01-26,8329.74,5042.43
SKU00713,2026-01-27,,41100.0,24880.0
SKU00714,2025-06-19,2025-11-01,11235.7,5352.28
SKU00714,2025-11-02,2026-03-13,13025.25,6204.76
SKU00714,2026-03-14,,16500.0,7860.0
SKU00715,2022-09-21,2022-11-06,8112.87,3948.61
SKU00715,2022-11-07,2026-07-12,8606.95,4189.08
SKU00715,2026-07-13,,31600.0,15380.0
SKU00716,2024-02-26,2025-08-12,7256.32,3399.01
SKU00716,2025-08-13,,17100.0,8010.0
SKU00717,2023-01-06,2023-09-14,10373.64,4990.33
SKU00717,2023-09-15,2025-01-11,13141.01,6321.6
SKU00717,2025-01-12,,35900.0,17270.0
SKU00718,2023-04-25,,82900.0,37660.0
SKU00719,2023-11-20,2024-05-29,1747.52,877.64
SKU00719,2024-05-30,2025-10-02,2086.63,1047.95
SKU00719,2025-10-03,,4500.0,2260.0
SKU00720,2023-01-16,2024-01-12,22741.09,14130.11
SKU00720,2024-01-13,2025-02-22,32423.36,20146.15
SKU00720,2025-02-23,,78700.0,48900.0
SKU00721,2023-03-07,2024-08-06,7786.54,3586.72
SKU00721,2024-08-07,2025-03-10,12869.97,5928.29
SKU00721,2025-03-11,,25400.0,11700.0
SKU00722,2023-05-16,2024-06-25,21887.72,11012.16
SKU00722,2024-06-26,,67300.0,33860.0
SKU00723,2024-04-30,,82400.0,43720.0
SKU00724,2022-11-24,,44100.0,21460.0
SKU00725,2022-09-13,,73200.0,46340.0
SKU00726,2023-02-25,2025-07-28,22351.86,13488.5
SKU00726,2025-07-29,2025-11-18,52673.63,31786.54
SKU00726,2025-11-19,,75100.0,45320.0
SKU00727,2023-12-20,2025-04-07,14559.53,6771.78
SKU00727,2025-04-08,,36400.0,16930.0
SKU00728,2024-07-12,,4100.0,2290.0
SKU00729,2023-02-28,2025-09-08,21578.03,10443.77
SKU00729,2025-09-09,,72500.0,35090.0
SKU00730,2022-04-28,,36100.0,19310.0
SKU00731,2022-06-29,2024-09-21,14144.01,6571.56
SKU00731,2024-09-22,2026-07-13,31417.93,14597.33
SKU00731,2026-07-14,,60200.0,27970.0
SKU00732,2022-05-01,,6500.0,3150.0
SKU00733,2024-05-14,2026-03-02,22906.52,12278.64
SKU00733,2026-03-03,,49400.0,26480.0
SKU00734,2022-08-18,,87100.0,48310.0
SKU00735,2023-05-29,,80300.0,39130.0
SKU00736,2024-12-03,2025-02-02,2167.09,1345.88
SKU00736,2025-02-03,,3800.0,2360.0
SKU00737,2022-04-25,,41700.0,19590.0
SKU00738,2022-10-17,,52300.0,29500.0
SKU00739,2022-07-20,2025-06-15,6219.37,3898.6
SKU00739,2025-06-16,,25700.0,16110.0
SKU00740,2022-06-08,2022-09-13,17597.78,9522.54
SKU00740,2022-09-14,2023-01-21,19229.57,10405.53
SKU00740,2023-01-22,,74900.0,40530.0
SKU00741,2023-06-04,,22800.0,11610.0
SKU00742,2025-03-20,2026-05-06,50663.47,
SKU00742,2026-05-07,2026-07-25,76633.05,
SKU00742,2026-07-26,,81300.0,
SKU00743,2023-06-29,2026-07-09,17921.59,8632.51
SKU00743,2026-07-10,,53500.0,25770.0
SKU00744,2023-10-15,2025-10-10,20510.23,13244.93
SKU00744,2025-10-11,,54400.0,35130.0
SKU00745,2024-04-05,,80900.0,42790.0
SKU00746,2024-11-13,,24500.0,13860.0
SKU00747,2023-05-08,2025-01-26,16781.67,10101.52
SKU00747,2025-01-27,2025-06-24,30309.56,18244.48
SKU00747,2025-06-25,,51600.0,31060.0
SKU00748,2023-02-27,,9200.0,5450.0
SKU00749,2023-06-10,2024-12-09,29813.48,14447.81
SKU00749,2024-12-10,2025-07-02,50755.46,24596.44
SKU00749,2025-07-03,,89000.0,43130.0
SKU00750,2022-01-20,2023-02-15,7843.34,4294.58
SKU00750,2023-02-16,2025-10-23,11518.2,6306.74
SKU00750,2025-10-24,,38700.0,21190.0
SKU00751,2023-05-27,2024-07-11,25627.82,12254.52
SKU00751,2024-07-12,,78800.0,37680.0
SKU00752,2024-06-12,2025-10-09,1767.14,912.23
SKU00752,2025-10-10,2026-05-04,2835.74,1463.86
SKU00752,2026-05-05,,3700.0,1910.0
SKU00753,2025-06-06,2025-07-15,53931.35,
SKU00753,2025-07-16,,79200.0,
SKU00754,2024-10-04,,16400.0,9730.0
SKU00755,2024-02-16,2024-04-02,2164.17,1273.04
SKU00755,2024-04-03,2026-02-01,2295.96,1350.57
SKU00755,2026-02-02,,5100.0,3000.0
SKU00756,2022-01-24,2025-04-16,8755.35,4706.0
SKU00756,2025-04-17,2025-05-04,27728.44,14904.03
SKU00756,2025-05-05,,43200.0,23220.0
SKU00757,2023-03-13,2023-05-13,22654.55,11934.26
SKU00757,2023-05-14,,73900.0,38930.0
SKU00758,2022-05-16,,44800.0,22570.0
SKU00759,2023-04-27,2024-01-17,23492.06,14341.53
SKU00759,2024-01-18,,74400.0,45420.0
SKU00760,2023-10-12,2026-04-10,25901.7,11902.72
SKU00760,2026-04-11,,68700.0,31570.0
SKU00761,2024-10-03,,40900.0,22460.0
SKU00762,2024-11-18,,47200.0,30400.0
SKU00763,2024-02-20,2025-02-17,7086.58,4086.46
SKU00763,2025-02-18,,16700.0,9630.0
SKU00764,2022-07-22,2025-07-23,16576.92,8760.36
SKU00764,2025-07-24,,68500.0,36200.0
SKU00765,2024-09-05,2026-03-24,13099.5,6069.61
SKU00765,2026-03-25,,25100.0,11630.0
SKU00766,2025-02-26,2025-11-08,40838.61,21060.62
SKU00766,2025-11-09,,67500.0,34810.0
SKU00767,2023-03-26,2025-05-21,12231.62,6241.5
SKU00767,2025-05-22,,39900.0,20360.0
SKU00768,2023-10-01,,31500.0,20190.0
SKU00769,2022-06-30,2024-05-24,14167.5,8864.67
SKU00769,2024-05-25,,60300.0,37730.0
SKU00770,2025-06-13,2026-02-03,27442.34,16717.36
SKU00770,2026-02-04,2026-07-04,34763.13,21177.05
SKU00770,2026-07-05,,40300.0,24550.0
SKU00771,2023-10-21,2025-05-30,29144.13,14070.62
SKU00771,2025-05-31,,77300.0,37320.0
SKU00772,2024-12-02,,86000.0,40570.0
SKU00773,2022-09-09,2023-02-12,13555.69,7170.65
SKU00773,2023-02-13,2023-12-18,15714.76,8312.75
SKU00773,2023-12-19,,52800.0,27930.0
SKU00774,2025-04-20,2026-05-14,41785.21,21354.75
SKU00774,2026-05-15,,65100.0,33270.0
SKU00775,2024-03-11,2024-07-19,25350.45,14943.65
SKU00775,2024-07-20,2026-05-21,28532.16,16819.21
SKU00775,2026-05-22,,58000.0,34190.0
SKU00776,2022-09-10,2023-11-24,2079.57,1183.56
SKU00776,2023-11-25,,8100.0,4610.0
SKU00777,2022-04-17,,48900.0,25570.0
SKU00778,2022-11-09,2026-02-12,4085.58,1931.12
SKU00778,2026-02-13,,15000.0,7090.0
SKU00779,2024-01-06,,66600.0,36120.0
SKU00780,2024-06-08,2025-07-26,38303.97,19414.67
SKU00780,2025-07-27,,80200.0,40650.0
SKU00781,2023-02-25,2026-03-18,21756.61,10494.36
SKU00781,2026-03-19,,73100.0,35260.0
SKU00782,2025-03-31,,26300.0,
SKU00783,2023-04-06,,75900.0,47460.0
SKU00784,2023-08-14,,40600.0,21050.0
SKU00785,2022-06-08,,75000.0,40520.0
SKU00786,2025-05-27,2025-12-15,11635.67,6545.07
SKU00786,2025-12-16,2026-04-29,14310.41,8049.61
SKU00786,2026-04-30,,17600.0,9900.0
SKU00787,2025-02-27,2025-09-19,30674.33,18440.9
SKU00787,2025-09-20,,50700.0,30480.0
SKU00788,2023-12-17,,67300.0,43720.0
SKU00789,2022-12-04,,22000.0,14090.0
SKU00790,2025-03-06,2025-06-13,18134.16,10780.79
SKU00790,2025-06-14,,29100.0,17300.0
SKU00791,2025-06-19,,45500.0,24800.0
SKU00792,2024-11-09,2025-06-27,3155.95,1600.12
SKU00792,2025-06-28,,5700.0,2890.0
SKU00793,2024-02-07,2024-12-08,22532.79,10765.67
SKU00793,2024-12-09,,53100.0,25370.0
SKU00794,2022-06-06,,36500.0,18740.0
SKU00795,2024-11-18,,48000.0,23510.0
SKU00796,2023-01-04,,63800.0,33270.0
SKU00797,2025-02-18,2025-10-26,4114.11,2649.97
SKU00797,2025-10-27,2026-07-11,5211.63,3356.91
SKU00797,2026-07-12,,6800.0,4380.0
SKU00798,2022-11-04,2024-09-01,18848.13,11295.26
SKU00798,2024-09-02,,69200.0,41470.0
SKU00799,2024-01-02,,75400.0,36130.0
SKU00800,2024-11-26,,14500.0,6660.0
