split,alertas_mes,recall_modelo,precision_modelo,recall_regla,precision_regla,positivos_mes
validacion,50,11.1,31.7,15.2,43.3,142
validacion,100,23.2,33.0,24.8,35.3,142
validacion,200,38.8,27.6,33.6,23.9,142
validacion,300,47.4,22.5,43.1,20.4,142
validacion,420,58.3,19.8,46.8,15.9,142
validacion,500,63.8,18.2,50.0,14.2,142
validacion,600,69.1,16.4,52.5,12.4,142
validacion,700,73.3,14.9,56.9,11.6,142
validacion,850,76.9,12.9,59.8,10.0,142
validacion,1000,78.9,11.2,62.6,8.9,142
test,50,9.3,94.8,9.6,97.6,507
test,100,17.6,89.4,18.4,93.4,507
test,200,32.3,81.8,34.0,86.1,507
test,300,45.0,76.1,46.9,79.3,507
test,420,59.0,71.2,57.6,69.6,507
test,500,66.3,67.2,63.9,64.8,507
test,600,74.7,63.1,69.7,58.9,507
test,700,81.4,59.0,74.4,53.9,507
test,850,88.8,53.0,80.0,47.7,507
test,1000,92.6,47.0,83.5,42.3,507
