features,n,modelo,split,auc,pr_auc,recall,prec
v1 (39),76,logistica,validacion,0.904,0.203,0.79,0.1
v1 (39),76,gbm,validacion,0.89,0.212,0.73,0.11
v1 (39),76,logistica,test,0.974,0.799,0.93,0.49
v1 (39),76,gbm,test,0.967,0.765,0.89,0.49
v2 (67),113,logistica,validacion,0.901,0.2,0.81,0.09
v2 (67),113,gbm,validacion,0.893,0.221,0.72,0.11
v2 (67),113,logistica,test,0.969,0.784,0.92,0.48
v2 (67),113,gbm,test,0.966,0.773,0.89,0.5
-,1,regla: cobertura>12 hoy,validacion,,0.019,0.21,0.22
-,1,regla: cobertura>12 hoy,test,,0.09,0.39,0.86
