,delta_pr_auc
cv_u12,0.11966
u6_suma,0.08571
cobertura,0.01562
u12_prom,0.01017
stock_sku_cadena,0.00809
stock_vs_prom_sku,0.00269
uds_oc_recibidas_12m,0.00163
cobertura_3m_antes,0.00133
precio_lista,0.0006
u3_suma,0.00059
tendencia_u3_vs_u12,0.00053
n_oc_recibidas_12m,0.00049
venta3_suma,0.00039
subcategoria,0.00038
cobertura_deposito_sku,0.00024
cobertura_sku_cadena,0.00024
proveedor,0.00021
tendencia_categoria_tienda,0.00019
var_cobertura_3m,0.00019
stock_deposito_sku,0.00017
var_stock_3m,0.00016
uds_transf_recibidas_12m,0.00015
transito_sobre_stock,0.0001
stock_disponible,9e-05
u_lag1,9e-05
formato,6e-05
unidades_vendidas,5e-05
tendencia_sku_cadena,5e-05
m2_venta,5e-05
antig_posicion_meses,4e-05
meses_desde_ultima_oc,3e-05
region,1e-05
uds_oc_recibidas_3m,1e-05
uds_transf_enviadas_3m,1e-05
skus_en_tienda,1e-05
categoria,1e-05
mes_del_anio,1e-05
pct_pos_cob12_tienda,0.0
promos_categoria_12m,0.0
uds_oc_pendientes,0.0
uds_transf_recibidas_3m,0.0
u_lag2,0.0
liquidaciones_sku_cadena_12m,0.0
eventos_en_horizonte,0.0
tiendas_cob12_sku,0.0
meses_sin_venta,0.0
sin_venta_12m,0.0
pedido_minimo_unidades,0.0
liquidacion_activa,0.0
liquidaciones_12m,0.0
lead_time_dias,0.0
descuento_liquidacion_activa,0.0
promos_activas_categoria,-1e-05
descuento_promo_max,-1e-05
stock_en_transito,-1e-05
precio_rel_subcategoria,-1e-05
precio_medio_12m,-2e-05
capital_inmovilizado_pos,-3e-05
u12_max,-3e-05
tendencia_tienda,-0.00013
tiendas_con_stock_sku,-0.00014
descuento_implicito_12m,-0.0002
meses_con_venta_12,-0.00022
antig_sku_meses,-0.00032
cumplimiento_ppto_3m,-0.00159
peso_posicion_en_tienda,-0.00181
margen_lista,-0.0034
