feature,auc_train,dir_train,auc_validacion,dir_validacion,auc_test,dir_test
u6_suma,0.858,-,0.843,-,0.936,-
u12_prom,0.85,-,0.827,-,0.893,-
u3_suma,0.825,-,0.817,-,0.928,-
peso_posicion_en_tienda,0.821,-,0.826,-,0.892,-
cobertura,0.817,+,0.805,+,0.942,+
u12_max,0.807,-,0.78,-,0.802,-
meses_con_venta_12,0.806,-,0.798,-,0.906,-
cv_u12,0.782,+,0.81,+,0.918,+
u_lag1,0.764,-,0.754,-,0.904,-
unidades_vendidas,0.759,-,0.753,-,0.917,-
u_lag2,0.752,-,0.748,-,0.886,-
cobertura_3m_antes,0.736,+,0.72,+,0.785,+
stock_disponible,0.705,-,0.689,-,0.705,-
meses_sin_venta,0.702,+,0.704,+,0.895,+
stock_sku_cadena,0.702,-,0.691,-,0.732,-
tiendas_cob12_sku,0.7,+,0.663,+,0.728,+
stock_deposito_sku,0.698,-,0.694,-,0.733,-
antig_sku_meses,0.613,-,0.574,-,0.504,-
antig_posicion_meses,0.612,-,0.575,-,0.504,-
historia_corta,0.573,+,0.55,+,0.5,-
sin_venta_12m,0.573,+,0.54,+,0.521,+
pct_pos_cob12_tienda,0.562,+,0.524,+,0.583,+
var_cobertura_3m,0.561,+,0.58,+,0.797,+
n_oc_recibidas_12m,0.551,-,0.521,-,0.504,-
skus_en_tienda,0.55,-,0.501,+,0.526,+
uds_oc_recibidas_12m,0.547,-,0.516,-,0.502,-
tendencia_tienda,0.541,-,0.51,-,0.515,+
tendencia_categoria_tienda,0.535,-,0.503,-,0.504,+
meses_desde_ultima_oc,0.533,-,0.517,-,0.522,-
pedido_minimo_unidades,0.528,+,0.523,+,0.513,+
promos_categoria_12m,0.528,-,0.501,+,0.504,-
tiendas_con_stock_sku,0.523,-,0.514,+,0.516,+
tendencia_u3_vs_u12,0.521,-,0.586,-,0.875,-
cobertura_sku_cadena,0.518,+,0.518,+,0.548,+
stock_vs_prom_sku,0.517,-,0.516,+,0.636,+
tendencia_sku_cadena,0.514,-,0.526,-,0.576,-
mes_del_anio,0.513,-,0.51,+,0.586,+
precio_rel_subcategoria,0.512,+,0.505,-,0.514,+
lead_time_dias,0.51,+,0.536,+,0.515,+
descuento_promo_max,0.508,-,0.5,+,0.502,-
promos_activas_categoria,0.507,-,0.501,+,0.502,-
liquidaciones_sku_cadena_12m,0.506,-,0.513,+,0.52,-
m2_venta,0.506,+,0.545,+,0.508,-
uds_oc_recibidas_3m,0.504,-,0.506,-,0.513,+
cobertura_deposito_sku,0.504,-,0.52,-,0.511,-
eventos_en_horizonte,0.503,-,0.516,+,0.562,+
var_stock_3m,0.503,-,0.508,-,0.537,+
uds_oc_pendientes,0.502,+,0.504,+,0.503,+
uds_transf_enviadas_3m,0.502,+,0.501,-,0.501,+
uds_transf_recibidas_3m,0.501,-,0.502,-,0.502,+
liquidaciones_12m,0.501,-,0.505,+,0.503,-
cumplimiento_ppto_3m,0.501,+,0.524,-,0.503,+
uds_transf_recibidas_12m,0.501,+,0.503,-,0.505,+
liquidacion_activa,0.5,-,0.5,-,0.5,-
descuento_liquidacion_activa,0.5,+,0.5,-,0.5,-
